profile,tier,system,expect_infeasible,status,flagged_infeasible,detection_correct,semantic_violations,violation_details,rule_precision,rule_recall,rule_f1,false_rules,missed_rules,ul_violations,energy_ok,shortfall,n_foods,proven_optimal,cost,solve_ms,n_exclusions,n_rows
v1_001_T1,T1,llmn_like,False,optimal,False,True,0,,1.0,1.0,1.0,,,0,True,0.0007,7,True,3.44,9778.6,0,5
v1_001_T1,T1,flat_table,False,optimal,False,True,0,,1.0,1.0,1.0,,,0,True,0.0007,7,True,3.44,9690.3,0,5
v1_001_T1,T1,kg_no_hierarchy,False,optimal,False,True,0,,1.0,1.0,1.0,,,0,True,0.0007,7,True,3.44,9149.9,0,5
v1_001_T1,T1,kg_no_context,False,optimal,False,True,0,,1.0,1.0,1.0,,,0,True,0.0007,7,True,3.44,9841.2,0,5
v1_001_T1,T1,kg_full,False,optimal,False,True,0,,1.0,1.0,1.0,,,0,True,0.0007,7,True,3.44,9713.4,0,5
v1_002_T1,T1,llmn_like,False,optimal,False,True,0,,1.0,1.0,1.0,,,0,True,0.0,5,True,4.83,2890.5,0,6
v1_002_T1,T1,flat_table,False,optimal,False,True,0,,1.0,1.0,1.0,,,0,True,0.0,5,True,4.83,3044.5,0,6
v1_002_T1,T1,kg_no_hierarchy,False,optimal,False,True,0,,1.0,1.0,1.0,,,0,True,0.0,5,True,4.83,3039.5,0,6
v1_002_T1,T1,kg_no_context,False,optimal,False,True,0,,1.0,1.0,1.0,,,0,True,0.0,5,True,4.83,2672.3,0,6
v1_002_T1,T1,kg_full,False,optimal,False,True,0,,1.0,1.0,1.0,,,0,True,0.0,5,True,4.83,2862.0,0,6
v1_003_T1,T1,llmn_like,False,optimal,False,True,0,,1.0,1.0,1.0,,,0,True,0.0,5,True,5.97,1397.5,0,5
v1_003_T1,T1,flat_table,False,optimal,False,True,0,,1.0,1.0,1.0,,,0,True,0.0,5,True,5.97,1403.8,0,5
v1_003_T1,T1,kg_no_hierarchy,False,optimal,False,True,0,,1.0,1.0,1.0,,,0,True,0.0,5,True,5.97,1516.1,0,5
v1_003_T1,T1,kg_no_context,False,optimal,False,True,0,,1.0,1.0,1.0,,,0,True,0.0,5,True,5.97,1474.1,0,5
v1_003_T1,T1,kg_full,False,optimal,False,True,0,,1.0,1.0,1.0,,,0,True,0.0,5,True,5.97,1508.9,0,5
v1_004_T1,T1,llmn_like,False,optimal,False,True,0,,1.0,1.0,1.0,,,0,True,0.0,5,True,5.97,1299.9,0,6
v1_004_T1,T1,flat_table,False,optimal,False,True,0,,1.0,1.0,1.0,,,0,True,0.0,5,True,5.97,1208.4,0,6
v1_004_T1,T1,kg_no_hierarchy,False,optimal,False,True,0,,1.0,1.0,1.0,,,0,True,0.0,5,True,5.97,1288.3,0,6
v1_004_T1,T1,kg_no_context,False,optimal,False,True,0,,1.0,1.0,1.0,,,0,True,0.0,5,True,5.97,1270.7,0,6
v1_004_T1,T1,kg_full,False,optimal,False,True,0,,1.0,1.0,1.0,,,0,True,0.0,5,True,5.97,1393.6,0,6
v1_005_T1,T1,llmn_like,False,optimal,False,True,0,,1.0,1.0,1.0,,,0,True,0.0,5,True,4.45,3551.6,0,5
v1_005_T1,T1,flat_table,False,optimal,False,True,0,,1.0,1.0,1.0,,,0,True,0.0,5,True,4.45,3579.6,0,5
v1_005_T1,T1,kg_no_hierarchy,False,optimal,False,True,0,,1.0,1.0,1.0,,,0,True,0.0,5,True,4.45,3799.1,0,5
v1_005_T1,T1,kg_no_context,False,optimal,False,True,0,,1.0,1.0,1.0,,,0,True,0.0,5,True,4.45,4038.4,0,5
v1_005_T1,T1,kg_full,False,optimal,False,True,0,,1.0,1.0,1.0,,,0,True,0.0,5,True,4.45,3746.7,0,5
v1_006_T1,T1,llmn_like,False,optimal,False,True,0,,1.0,1.0,1.0,,,0,True,0.0,7,True,3.95,2044.5,0,6
v1_006_T1,T1,flat_table,False,optimal,False,True,0,,1.0,1.0,1.0,,,0,True,0.0,7,True,3.95,1997.7,0,6
v1_006_T1,T1,kg_no_hierarchy,False,optimal,False,True,0,,1.0,1.0,1.0,,,0,True,0.0,7,True,3.95,2104.7,0,6
v1_006_T1,T1,kg_no_context,False,optimal,False,True,0,,1.0,1.0,1.0,,,0,True,0.0,7,True,3.95,1895.0,0,6
v1_006_T1,T1,kg_full,False,optimal,False,True,0,,1.0,1.0,1.0,,,0,True,0.0,7,True,3.95,1728.1,0,6
v1_007_T1,T1,llmn_like,False,optimal,False,True,0,,1.0,1.0,1.0,,,0,True,0.0,8,True,4.11,3332.2,0,5
v1_007_T1,T1,flat_table,False,optimal,False,True,0,,1.0,1.0,1.0,,,0,True,0.0,8,True,4.11,3136.7,0,5
v1_007_T1,T1,kg_no_hierarchy,False,optimal,False,True,0,,1.0,1.0,1.0,,,0,True,0.0,8,True,4.11,3009.9,0,5
v1_007_T1,T1,kg_no_context,False,optimal,False,True,0,,1.0,1.0,1.0,,,0,True,0.0,8,True,4.11,2915.5,0,5
v1_007_T1,T1,kg_full,False,optimal,False,True,0,,1.0,1.0,1.0,,,0,True,0.0,8,True,4.11,3288.2,0,5
v1_008_T1,T1,llmn_like,False,optimal,False,True,0,,1.0,1.0,1.0,,,0,True,0.0,7,True,3.95,2075.7,0,6
v1_008_T1,T1,flat_table,False,optimal,False,True,0,,1.0,1.0,1.0,,,0,True,0.0,7,True,3.95,2136.2,0,6
v1_008_T1,T1,kg_no_hierarchy,False,optimal,False,True,0,,1.0,1.0,1.0,,,0,True,0.0,7,True,3.95,1794.5,0,6
v1_008_T1,T1,kg_no_context,False,optimal,False,True,0,,1.0,1.0,1.0,,,0,True,0.0,7,True,3.95,2170.3,0,6
v1_008_T1,T1,kg_full,False,optimal,False,True,0,,1.0,1.0,1.0,,,0,True,0.0,7,True,3.95,2347.8,0,6
v1_009_T1,T1,llmn_like,False,optimal,False,True,0,,1.0,1.0,1.0,,,0,True,0.0,8,True,3.52,5505.6,0,5
v1_009_T1,T1,flat_table,False,optimal,False,True,0,,1.0,1.0,1.0,,,0,True,0.0,8,True,3.52,5404.0,0,5
v1_009_T1,T1,kg_no_hierarchy,False,optimal,False,True,0,,1.0,1.0,1.0,,,0,True,0.0,8,True,3.52,5736.3,0,5
v1_009_T1,T1,kg_no_context,False,optimal,False,True,0,,1.0,1.0,1.0,,,0,True,0.0,8,True,3.52,5418.2,0,5
v1_009_T1,T1,kg_full,False,optimal,False,True,0,,1.0,1.0,1.0,,,0,True,0.0,8,True,3.52,6054.3,0,5
v1_010_T1,T1,llmn_like,False,optimal,False,True,0,,1.0,1.0,1.0,,,0,True,0.0,5,True,6.05,983.0,0,6
v1_010_T1,T1,flat_table,False,optimal,False,True,0,,1.0,1.0,1.0,,,0,True,0.0,5,True,6.05,959.8,0,6
v1_010_T1,T1,kg_no_hierarchy,False,optimal,False,True,0,,1.0,1.0,1.0,,,0,True,0.0,5,True,6.05,1431.3,0,6
v1_010_T1,T1,kg_no_context,False,optimal,False,True,0,,1.0,1.0,1.0,,,0,True,0.0,5,True,6.05,770.1,0,6
v1_010_T1,T1,kg_full,False,optimal,False,True,0,,1.0,1.0,1.0,,,0,True,0.0,5,True,6.05,770.8,0,6
v1_011_T2,T2,llmn_like,False,optimal,False,True,0,,1.0,0.0,0.0,,"('exclude', 'F14') | ('exclude', 'F15') | ('exclude', 'F16')",0,True,0.0,9,True,4.44,6057.5,0,5
v1_011_T2,T2,flat_table,False,optimal,False,True,0,,1.0,0.0,0.0,,"('exclude', 'F14') | ('exclude', 'F15') | ('exclude', 'F16')",0,True,0.0,9,True,4.44,5091.2,0,5
v1_011_T2,T2,kg_no_hierarchy,False,optimal,False,True,0,,1.0,0.0,0.0,,"('exclude', 'F14') | ('exclude', 'F15') | ('exclude', 'F16')",0,True,0.0,9,True,4.44,5583.4,0,5
v1_011_T2,T2,kg_no_context,False,optimal,False,True,0,,1.0,1.0,1.0,,,0,True,0.0,9,True,4.43,4091.2,3,5
v1_011_T2,T2,kg_full,False,optimal,False,True,0,,1.0,1.0,1.0,,,0,True,0.0,9,True,4.43,4430.7,3,5
v1_012_T2,T2,llmn_like,False,optimal,False,True,0,,1.0,0.0,0.0,,"('exclude', 'F14') | ('exclude', 'F15') | ('exclude', 'F16')",0,True,0.0,9,True,4.2,3347.2,0,5
v1_012_T2,T2,flat_table,False,optimal,False,True,0,,1.0,0.0,0.0,,"('exclude', 'F14') | ('exclude', 'F15') | ('exclude', 'F16')",0,True,0.0,9,True,4.2,3025.8,0,5
v1_012_T2,T2,kg_no_hierarchy,False,optimal,False,True,0,,1.0,0.0,0.0,,"('exclude', 'F14') | ('exclude', 'F15') | ('exclude', 'F16')",0,True,0.0,9,True,4.2,3505.1,0,5
v1_012_T2,T2,kg_no_context,False,optimal,False,True,0,,1.0,1.0,1.0,,,0,True,0.0,9,True,4.2,6180.7,3,5
v1_012_T2,T2,kg_full,False,optimal,False,True,0,,1.0,1.0,1.0,,,0,True,0.0,9,True,4.2,6289.0,3,5
v1_013_T2,T2,llmn_like,False,optimal,False,True,0,,1.0,0.0,0.0,,"('exclude', 'F47') | ('exclude', 'F48') | ('exclude', 'F49')",0,True,0.0,5,True,6.05,571.0,0,5
v1_013_T2,T2,flat_table,False,optimal,False,True,0,,1.0,0.0,0.0,,"('exclude', 'F47') | ('exclude', 'F48') | ('exclude', 'F49')",0,True,0.0,5,True,6.05,631.6,0,5
v1_013_T2,T2,kg_no_hierarchy,False,optimal,False,True,0,,1.0,0.0,0.0,,"('exclude', 'F47') | ('exclude', 'F48') | ('exclude', 'F49')",0,True,0.0,5,True,6.05,703.3,0,5
v1_013_T2,T2,kg_no_context,False,optimal,False,True,0,,1.0,1.0,1.0,,,0,True,0.0,6,True,6.45,748.2,3,5
v1_013_T2,T2,kg_full,False,optimal,False,True,0,,1.0,1.0,1.0,,,0,True,0.0,6,True,6.45,569.9,3,5
v1_014_T2,T2,llmn_like,False,optimal,False,True,0,,1.0,0.0,0.0,,"('exclude', 'F47') | ('exclude', 'F48') | ('exclude', 'F49')",0,True,0.0,8,True,4.11,3912.5,0,5
v1_014_T2,T2,flat_table,False,optimal,False,True,0,,1.0,0.0,0.0,,"('exclude', 'F47') | ('exclude', 'F48') | ('exclude', 'F49')",0,True,0.0,8,True,4.11,3831.4,0,5
v1_014_T2,T2,kg_no_hierarchy,False,optimal,False,True,0,,1.0,0.0,0.0,,"('exclude', 'F47') | ('exclude', 'F48') | ('exclude', 'F49')",0,True,0.0,8,True,4.11,3171.6,0,5
v1_014_T2,T2,kg_no_context,False,optimal,False,True,0,,1.0,1.0,1.0,,,0,True,0.0,8,True,4.11,2657.1,3,5
v1_014_T2,T2,kg_full,False,optimal,False,True,0,,1.0,1.0,1.0,,,0,True,0.0,8,True,4.11,2558.0,3,5
v1_015_T2,T2,llmn_like,False,optimal,False,True,0,,1.0,1.0,1.0,,,0,True,0.0,6,True,6.29,221.6,5,5
v1_015_T2,T2,flat_table,False,optimal,False,True,0,,1.0,1.0,1.0,,,0,True,0.0,6,True,6.29,255.4,5,5
v1_015_T2,T2,kg_no_hierarchy,False,optimal,False,True,0,,1.0,1.0,1.0,,,0,True,0.0,6,True,6.29,270.7,5,5
v1_015_T2,T2,kg_no_context,False,optimal,False,True,0,,1.0,1.0,1.0,,,0,True,0.0,6,True,6.29,253.1,5,5
v1_015_T2,T2,kg_full,False,optimal,False,True,0,,1.0,1.0,1.0,,,0,True,0.0,6,True,6.29,222.9,5,5
v1_016_T2,T2,llmn_like,False,optimal,False,True,0,,1.0,1.0,1.0,,,0,True,0.0,6,True,5.55,308.9,5,5
v1_016_T2,T2,flat_table,False,optimal,False,True,0,,1.0,1.0,1.0,,,0,True,0.0,6,True,5.55,243.8,5,5
v1_016_T2,T2,kg_no_hierarchy,False,optimal,False,True,0,,1.0,1.0,1.0,,,0,True,0.0,6,True,5.55,271.4,5,5
v1_016_T2,T2,kg_no_context,False,optimal,False,True,0,,1.0,1.0,1.0,,,0,True,0.0,6,True,5.55,273.9,5,5
v1_016_T2,T2,kg_full,False,optimal,False,True,0,,1.0,1.0,1.0,,,0,True,0.0,6,True,5.55,228.2,5,5
v1_017_T2,T2,llmn_like,False,optimal,False,True,0,,1.0,1.0,1.0,,,0,True,0.0,9,True,4.44,4241.9,1,5
v1_017_T2,T2,flat_table,False,optimal,False,True,0,,1.0,1.0,1.0,,,0,True,0.0,9,True,4.44,4662.5,1,5
v1_017_T2,T2,kg_no_hierarchy,False,optimal,False,True,0,,1.0,1.0,1.0,,,0,True,0.0,9,True,4.44,4327.6,1,5
v1_017_T2,T2,kg_no_context,False,optimal,False,True,0,,1.0,1.0,1.0,,,0,True,0.0,9,True,4.44,3952.8,1,5
v1_017_T2,T2,kg_full,False,optimal,False,True,0,,1.0,1.0,1.0,,,0,True,0.0,9,True,4.44,4028.4,1,5
v1_018_T2,T2,llmn_like,False,optimal,False,True,0,,1.0,1.0,1.0,,,0,True,0.0,8,True,3.84,8337.7,1,5
v1_018_T2,T2,flat_table,False,optimal,False,True,0,,1.0,1.0,1.0,,,0,True,0.0,8,True,3.84,8831.6,1,5
v1_018_T2,T2,kg_no_hierarchy,False,optimal,False,True,0,,1.0,1.0,1.0,,,0,True,0.0,8,True,3.84,8646.5,1,5
v1_018_T2,T2,kg_no_context,False,optimal,False,True,0,,1.0,1.0,1.0,,,0,True,0.0,8,True,3.84,9013.3,1,5
v1_018_T2,T2,kg_full,False,optimal,False,True,0,,1.0,1.0,1.0,,,0,True,0.0,8,True,3.84,8942.4,1,5
v1_019_T2,T2,llmn_like,False,optimal,False,True,0,,1.0,1.0,1.0,,,0,True,0.0,5,True,6.85,2234.6,2,5
v1_019_T2,T2,flat_table,False,optimal,False,True,0,,1.0,1.0,1.0,,,0,True,0.0,5,True,6.85,2225.4,2,5
v1_019_T2,T2,kg_no_hierarchy,False,optimal,False,True,0,,1.0,1.0,1.0,,,0,True,0.0,5,True,6.85,2275.9,2,5
v1_019_T2,T2,kg_no_context,False,optimal,False,True,0,,1.0,1.0,1.0,,,0,True,0.0,5,True,6.85,2299.6,2,5
v1_019_T2,T2,kg_full,False,optimal,False,True,0,,1.0,1.0,1.0,,,0,True,0.0,5,True,6.85,2442.8,2,5
v1_020_T2,T2,llmn_like,False,optimal,False,True,0,,1.0,1.0,1.0,,,0,True,0.0,10,True,4.34,4278.6,2,5
v1_020_T2,T2,flat_table,False,optimal,False,True,0,,1.0,1.0,1.0,,,0,True,0.0,10,True,4.34,4185.2,2,5
v1_020_T2,T2,kg_no_hierarchy,False,optimal,False,True,0,,1.0,1.0,1.0,,,0,True,0.0,10,True,4.34,4561.9,2,5
v1_020_T2,T2,kg_no_context,False,optimal,False,True,0,,1.0,1.0,1.0,,,0,True,0.0,10,True,4.34,4712.9,2,5
v1_020_T2,T2,kg_full,False,optimal,False,True,0,,1.0,1.0,1.0,,,0,True,0.0,10,True,4.34,4414.7,2,5
v1_021_T2,T2,llmn_like,False,optimal,False,True,1,Milk (2% fat): vegan forbids animal_food,1.0,0.0,0.0,,"('exclude', 'F38') | ('exclude', 'F39') | ('exclude', 'F40') | ('exclude', 'F41') | ('exclude', 'F42') | ('exclude', 'F43') | ('exclude', 'F44') | ('exclude', 'F45') | ('exclude', 'F46') | ('exclude', 'F47') | ('exclude', 'F48') | ('exclude', 'F49')",0,True,0.0,9,True,3.65,10116.4,0,5
v1_021_T2,T2,flat_table,False,optimal,False,True,1,Milk (2% fat): vegan forbids animal_food,1.0,0.0,0.0,,"('exclude', 'F38') | ('exclude', 'F39') | ('exclude', 'F40') | ('exclude', 'F41') | ('exclude', 'F42') | ('exclude', 'F43') | ('exclude', 'F44') | ('exclude', 'F45') | ('exclude', 'F46') | ('exclude', 'F47') | ('exclude', 'F48') | ('exclude', 'F49')",0,True,0.0,9,True,3.65,9907.5,0,5
v1_021_T2,T2,kg_no_hierarchy,False,optimal,False,True,1,Milk (2% fat): vegan forbids animal_food,1.0,0.0,0.0,,"('exclude', 'F38') | ('exclude', 'F39') | ('exclude', 'F40') | ('exclude', 'F41') | ('exclude', 'F42') | ('exclude', 'F43') | ('exclude', 'F44') | ('exclude', 'F45') | ('exclude', 'F46') | ('exclude', 'F47') | ('exclude', 'F48') | ('exclude', 'F49')",0,True,0.0,9,True,3.65,10273.3,0,5
v1_021_T2,T2,kg_no_context,False,optimal,False,True,0,,1.0,1.0,1.0,,,0,True,0.0,7,True,3.98,5778.8,12,5
v1_021_T2,T2,kg_full,False,optimal,False,True,0,,1.0,1.0,1.0,,,0,True,0.0,7,True,3.98,5120.4,12,5
v1_022_T2,T2,llmn_like,False,optimal,False,True,1,Milk (2% fat): vegan forbids animal_food,1.0,0.0,0.0,,"('exclude', 'F38') | ('exclude', 'F39') | ('exclude', 'F40') | ('exclude', 'F41') | ('exclude', 'F42') | ('exclude', 'F43') | ('exclude', 'F44') | ('exclude', 'F45') | ('exclude', 'F46') | ('exclude', 'F47') | ('exclude', 'F48') | ('exclude', 'F49')",0,True,0.0,9,True,3.65,9012.5,0,5
v1_022_T2,T2,flat_table,False,optimal,False,True,1,Milk (2% fat): vegan forbids animal_food,1.0,0.0,0.0,,"('exclude', 'F38') | ('exclude', 'F39') | ('exclude', 'F40') | ('exclude', 'F41') | ('exclude', 'F42') | ('exclude', 'F43') | ('exclude', 'F44') | ('exclude', 'F45') | ('exclude', 'F46') | ('exclude', 'F47') | ('exclude', 'F48') | ('exclude', 'F49')",0,True,0.0,9,True,3.65,9289.5,0,5
v1_022_T2,T2,kg_no_hierarchy,False,optimal,False,True,1,Milk (2% fat): vegan forbids animal_food,1.0,0.0,0.0,,"('exclude', 'F38') | ('exclude', 'F39') | ('exclude', 'F40') | ('exclude', 'F41') | ('exclude', 'F42') | ('exclude', 'F43') | ('exclude', 'F44') | ('exclude', 'F45') | ('exclude', 'F46') | ('exclude', 'F47') | ('exclude', 'F48') | ('exclude', 'F49')",0,True,0.0,9,True,3.65,9578.1,0,5
v1_022_T2,T2,kg_no_context,False,optimal,False,True,0,,1.0,1.0,1.0,,,0,True,0.0,7,True,3.98,5420.2,12,5
v1_022_T2,T2,kg_full,False,optimal,False,True,0,,1.0,1.0,1.0,,,0,True,0.0,7,True,3.98,5138.9,12,5
v1_023_T2,T2,llmn_like,False,optimal,False,True,0,,1.0,0.0,0.0,,"('exclude', 'F44') | ('exclude', 'F45') | ('exclude', 'F46') | ('exclude', 'F47') | ('exclude', 'F48') | ('exclude', 'F49')",0,True,0.0,9,True,4.2,3174.7,0,5
v1_023_T2,T2,flat_table,False,optimal,False,True,0,,1.0,0.5,0.6667,,"('exclude', 'F44') | ('exclude', 'F45') | ('exclude', 'F46')",0,True,0.0,9,True,4.2,4649.2,3,5
v1_023_T2,T2,kg_no_hierarchy,False,optimal,False,True,0,,1.0,0.5,0.6667,,"('exclude', 'F44') | ('exclude', 'F45') | ('exclude', 'F46')",0,True,0.0,9,True,4.2,4670.1,3,5
v1_023_T2,T2,kg_no_context,False,optimal,False,True,0,,1.0,1.0,1.0,,,0,True,0.0,9,True,4.2,5945.2,6,5
v1_023_T2,T2,kg_full,False,optimal,False,True,0,,1.0,1.0,1.0,,,0,True,0.0,9,True,4.2,6091.2,6,5
v1_024_T2,T2,llmn_like,False,optimal,False,True,0,,1.0,0.0,0.0,,"('exclude', 'F44') | ('exclude', 'F45') | ('exclude', 'F46') | ('exclude', 'F47') | ('exclude', 'F48') | ('exclude', 'F49')",0,True,0.0,9,True,4.43,2175.8,0,5
v1_024_T2,T2,flat_table,False,optimal,False,True,0,,1.0,0.5,0.6667,,"('exclude', 'F44') | ('exclude', 'F45') | ('exclude', 'F46')",0,True,0.0,9,True,4.44,3121.2,3,5
v1_024_T2,T2,kg_no_hierarchy,False,optimal,False,True,0,,1.0,0.5,0.6667,,"('exclude', 'F44') | ('exclude', 'F45') | ('exclude', 'F46')",0,True,0.0,9,True,4.44,3215.9,3,5
v1_024_T2,T2,kg_no_context,False,optimal,False,True,0,,1.0,1.0,1.0,,,0,True,0.0,9,True,4.44,2573.1,6,5
v1_024_T2,T2,kg_full,False,optimal,False,True,0,,1.0,1.0,1.0,,,0,True,0.0,9,True,4.44,2573.3,6,5
v1_025_T2,T2,llmn_like,False,optimal,False,True,0,,1.0,0.0,0.0,,"('exclude', 'F22') | ('exclude', 'F23') | ('exclude', 'F24') | ('exclude', 'F25') | ('exclude', 'F43') | ('exclude', 'F44') | ('exclude', 'F45') | ('exclude', 'F46') | ('exclude', 'F47') | ('exclude', 'F48') | ('exclude', 'F49')",0,True,0.0,8,True,3.84,9396.2,0,5
v1_025_T2,T2,flat_table,False,optimal,False,True,0,,1.0,0.7273,0.8421,,"('exclude', 'F44') | ('exclude', 'F45') | ('exclude', 'F46')",0,True,0.0,8,True,3.84,2837.3,8,5
v1_025_T2,T2,kg_no_hierarchy,False,optimal,False,True,0,,1.0,0.7273,0.8421,,"('exclude', 'F44') | ('exclude', 'F45') | ('exclude', 'F46')",0,True,0.0,8,True,3.84,3272.7,8,5
v1_025_T2,T2,kg_no_context,False,optimal,False,True,0,,1.0,1.0,1.0,,,0,True,0.0,8,True,3.84,4466.7,11,5
v1_025_T2,T2,kg_full,False,optimal,False,True,0,,1.0,1.0,1.0,,,0,True,0.0,8,True,3.84,4756.8,11,5
v1_026_T2,T2,llmn_like,False,optimal,False,True,1,Potato (baked with skin): jain forbids root_vegetable,1.0,0.0,0.0,,"('exclude', 'F22') | ('exclude', 'F23') | ('exclude', 'F24') | ('exclude', 'F25') | ('exclude', 'F43') | ('exclude', 'F44') | ('exclude', 'F45') | ('exclude', 'F46') | ('exclude', 'F47') | ('exclude', 'F48') | ('exclude', 'F49')",0,True,0.0,9,True,4.44,2677.5,0,5
v1_026_T2,T2,flat_table,False,optimal,False,True,0,,1.0,0.7273,0.8421,,"('exclude', 'F44') | ('exclude', 'F45') | ('exclude', 'F46')",0,True,0.0,8,True,4.49,2520.7,8,5
v1_026_T2,T2,kg_no_hierarchy,False,optimal,False,True,0,,1.0,0.7273,0.8421,,"('exclude', 'F44') | ('exclude', 'F45') | ('exclude', 'F46')",0,True,0.0,8,True,4.49,2562.9,8,5
v1_026_T2,T2,kg_no_context,False,optimal,False,True,0,,1.0,1.0,1.0,,,0,True,0.0,8,True,4.49,802.8,11,5
v1_026_T2,T2,kg_full,False,optimal,False,True,0,,1.0,1.0,1.0,,,0,True,0.0,8,True,4.49,722.4,11,5
v1_027_T2,T2,llmn_like,False,optimal,False,True,1,warfarin STABLE vitamin_k_ug 90-150 (plan: 251.8),1.0,0.0,0.0,,"('max', 'vitamin_k_ug', 150.0) | ('min', 'vitamin_k_ug', 90.0)",0,True,0.0,9,True,4.44,1850.6,0,5
v1_027_T2,T2,flat_table,False,optimal,False,True,0,,1.0,1.0,1.0,,,0,True,0.0,9,True,4.76,5364.9,0,7
v1_027_T2,T2,kg_no_hierarchy,False,optimal,False,True,0,,1.0,1.0,1.0,,,0,True,0.0,9,True,4.76,5268.4,0,7
v1_027_T2,T2,kg_no_context,False,optimal,False,True,0,,1.0,1.0,1.0,,,0,True,0.0,9,True,4.76,4927.7,0,7
v1_027_T2,T2,kg_full,False,optimal,False,True,0,,1.0,1.0,1.0,,,0,True,0.0,9,True,4.76,5183.0,0,7
v1_028_T2,T2,llmn_like,False,optimal,False,True,1,warfarin STABLE vitamin_k_ug 90-150 (plan: 937.26),1.0,0.0,0.0,,"('max', 'vitamin_k_ug', 150.0) | ('min', 'vitamin_k_ug', 90.0)",0,True,0.0,6,True,5.04,364.8,0,5
v1_028_T2,T2,flat_table,False,optimal,False,True,0,,1.0,1.0,1.0,,,0,True,0.0,5,True,6.19,2963.6,0,7
v1_028_T2,T2,kg_no_hierarchy,False,optimal,False,True,0,,1.0,1.0,1.0,,,0,True,0.0,5,True,6.19,2853.4,0,7
v1_028_T2,T2,kg_no_context,False,optimal,False,True,0,,1.0,1.0,1.0,,,0,True,0.0,5,True,6.19,2798.4,0,7
v1_028_T2,T2,kg_full,False,optimal,False,True,0,,1.0,1.0,1.0,,,0,True,0.0,5,True,6.19,2678.2,0,7
v1_029_T2,T2,llmn_like,False,optimal,False,True,2,Cheddar cheese: phenelzine avoid aged_cheese | Parmesan cheese: phenelzine avoid aged_cheese,1.0,0.0,0.0,,"('exclude', 'F40') | ('exclude', 'F42')",0,True,0.0,7,True,4.54,2177.1,0,5
v1_029_T2,T2,flat_table,False,optimal,False,True,0,,1.0,1.0,1.0,,,0,True,0.0,5,True,5.35,1600.2,2,5
v1_029_T2,T2,kg_no_hierarchy,False,optimal,False,True,0,,1.0,1.0,1.0,,,0,True,0.0,5,True,5.35,1669.4,2,5
v1_029_T2,T2,kg_no_context,False,optimal,False,True,0,,1.0,1.0,1.0,,,0,True,0.0,5,True,5.35,1869.9,2,5
v1_029_T2,T2,kg_full,False,optimal,False,True,0,,1.0,1.0,1.0,,,0,True,0.0,5,True,5.35,1806.9,2,5
v1_030_T2,T2,llmn_like,False,optimal,False,True,0,,1.0,0.0,0.0,,"('exclude', 'F40') | ('exclude', 'F42')",0,True,0.0,9,True,4.44,1635.1,0,5
v1_030_T2,T2,flat_table,False,optimal,False,True,0,,1.0,1.0,1.0,,,0,True,0.0,9,True,4.44,2088.6,2,5
v1_030_T2,T2,kg_no_hierarchy,False,optimal,False,True,0,,1.0,1.0,1.0,,,0,True,0.0,9,True,4.44,1948.1,2,5
v1_030_T2,T2,kg_no_context,False,optimal,False,True,0,,1.0,1.0,1.0,,,0,True,0.0,9,True,4.44,1941.4,2,5
v1_030_T2,T2,kg_full,False,optimal,False,True,0,,1.0,1.0,1.0,,,0,True,0.0,9,True,4.44,1848.4,2,5
v1_031_T2,T2,llmn_like,False,optimal,False,True,0,,1.0,0.0,0.0,,"('max', 'sodium_mg', 2300.0) | ('per_1000kcal_min', 'fiber_g', 14.0)",0,True,0.0,10,False,4.09,12027.7,0,5
v1_031_T2,T2,flat_table,False,optimal,False,True,0,,0.6667,1.0,0.8,"('min', 'protein_g', 69.6)",,0,True,0.0,10,True,4.09,10054.2,0,8
v1_031_T2,T2,kg_no_hierarchy,False,optimal,False,True,0,,1.0,1.0,1.0,,,0,True,0.0,10,False,4.09,12024.5,0,7
v1_031_T2,T2,kg_no_context,False,optimal,False,True,0,,0.6667,1.0,0.8,"('min', 'protein_g', 69.6)",,0,True,0.0,10,True,4.09,11365.4,0,8
v1_031_T2,T2,kg_full,False,optimal,False,True,0,,1.0,1.0,1.0,,,0,True,0.0,10,False,4.09,12030.7,0,7
v1_032_T2,T2,llmn_like,False,optimal,False,True,0,,1.0,0.0,0.0,,"('max', 'sodium_mg', 2300.0) | ('per_1000kcal_min', 'fiber_g', 14.0)",0,True,0.0,9,True,4.44,6524.6,0,5
v1_032_T2,T2,flat_table,False,optimal,False,True,0,,0.6667,1.0,0.8,"('min', 'protein_g', 61.6)",,0,True,0.0,9,True,4.44,4580.0,0,8
v1_032_T2,T2,kg_no_hierarchy,False,optimal,False,True,0,,1.0,1.0,1.0,,,0,True,0.0,9,True,4.44,2914.3,0,7
v1_032_T2,T2,kg_no_context,False,optimal,False,True,0,,0.6667,1.0,0.8,"('min', 'protein_g', 61.6)",,0,True,0.0,9,True,4.44,4314.3,0,8
v1_032_T2,T2,kg_full,False,optimal,False,True,0,,1.0,1.0,1.0,,,0,True,0.0,9,True,4.44,3047.4,0,7
v1_033_T2,T2,llmn_like,False,optimal,False,True,0,,1.0,0.0,0.0,,"('max', 'sodium_mg', 1500.0) | ('min', 'potassium_mg', 3500.0)",0,True,0.0,7,True,4.62,965.8,0,5
v1_033_T2,T2,flat_table,False,optimal,False,True,0,,1.0,1.0,1.0,,,0,True,0.0,7,True,4.34,947.2,0,7
v1_033_T2,T2,kg_no_hierarchy,False,optimal,False,True,0,,1.0,1.0,1.0,,,0,True,0.0,7,True,4.34,1050.2,0,7
v1_033_T2,T2,kg_no_context,False,optimal,False,True,0,,1.0,1.0,1.0,,,0,True,0.0,7,True,4.34,1084.3,0,7
v1_033_T2,T2,kg_full,False,optimal,False,True,0,,1.0,1.0,1.0,,,0,True,0.0,7,True,4.34,1096.4,0,7
v1_034_T2,T2,llmn_like,False,optimal,False,True,1,hypertension REQUIRES potassium_mg 3500 per_day (plan: 3085.14),1.0,0.0,0.0,,"('max', 'sodium_mg', 1500.0) | ('min', 'potassium_mg', 3500.0)",0,True,0.0,6,True,5.2,307.3,0,5
v1_034_T2,T2,flat_table,False,optimal,False,True,0,,1.0,1.0,1.0,,,0,True,0.0,6,True,5.08,855.3,0,7
v1_034_T2,T2,kg_no_hierarchy,False,optimal,False,True,0,,1.0,1.0,1.0,,,0,True,0.0,6,True,5.08,1055.9,0,7
v1_034_T2,T2,kg_no_context,False,optimal,False,True,0,,1.0,1.0,1.0,,,0,True,0.0,6,True,5.08,885.0,0,7
v1_034_T2,T2,kg_full,False,optimal,False,True,0,,1.0,1.0,1.0,,,0,True,0.0,6,True,5.08,928.4,0,7
v1_035_T2,T2,llmn_like,False,optimal,False,True,1,ckd3 LIMITS protein_g 0.6 per_kg (plan: 82.1),1.0,0.0,0.0,,"('max', 'protein_g', 39.6) | ('max', 'sodium_mg', 2300.0)",0,True,0.0,7,True,4.62,1002.3,0,5
v1_035_T2,T2,flat_table,False,optimal,False,True,0,,0.5,1.0,0.6667,"('max', 'protein_g', 52.8) | ('min', 'protein_g', 39.6)",,0,True,0.0726,11,False,9.4,12034.3,0,9
v1_035_T2,T2,kg_no_hierarchy,False,optimal,False,True,0,,1.0,1.0,1.0,,,0,True,0.0775,10,True,9.22,3567.0,0,7
v1_035_T2,T2,kg_no_context,False,optimal,False,True,0,,0.5,1.0,0.6667,"('max', 'protein_g', 52.8) | ('min', 'protein_g', 39.6)",,0,True,0.0726,11,False,9.4,12027.8,0,9
v1_035_T2,T2,kg_full,False,optimal,False,True,0,,1.0,1.0,1.0,,,0,True,0.0775,10,True,9.22,3754.1,0,7
v1_036_T2,T2,llmn_like,False,optimal,False,True,1,ckd3 LIMITS protein_g 0.6 per_kg (plan: 81.75),1.0,0.0,0.0,,"('max', 'protein_g', 33.0) | ('max', 'sodium_mg', 2300.0)",0,True,0.0,6,True,6.51,1128.8,0,5
v1_036_T2,T2,flat_table,False,optimal,False,True,0,,0.5,1.0,0.6667,"('max', 'protein_g', 44.0) | ('min', 'protein_g', 33.0)",,0,True,0.1163,11,False,9.61,12023.5,0,9
v1_036_T2,T2,kg_no_hierarchy,False,optimal,False,True,0,,1.0,1.0,1.0,,,0,True,0.1201,10,True,9.03,9953.8,0,7
v1_036_T2,T2,kg_no_context,False,optimal,False,True,0,,0.5,1.0,0.6667,"('max', 'protein_g', 44.0) | ('min', 'protein_g', 33.0)",,0,True,0.1163,11,False,9.61,12036.6,0,9
v1_036_T2,T2,kg_full,False,optimal,False,True,0,,1.0,1.0,1.0,,,0,True,0.1201,10,True,9.03,10514.9,0,7
v1_037_T3,T3,llmn_like,False,optimal,False,True,1,ckd3 LIMITS protein_g 0.6 per_kg (plan: 77.94),1.0,0.0,0.0,,"('max', 'protein_g', 34.8) | ('max', 'sodium_mg', 1500.0) | ('max', 'sodium_mg', 2300.0)",0,True,0.0,8,True,3.84,8196.2,0,5
v1_037_T3,T3,flat_table,False,optimal,False,True,0,,0.5,1.0,0.6667,"('max', 'protein_g', 46.4) | ('min', 'potassium_mg', 3500.0) | ('min', 'protein_g', 34.8)",,0,True,0.1301,11,False,8.62,12034.8,0,11
v1_037_T3,T3,kg_no_hierarchy,False,optimal,False,True,0,,1.0,1.0,1.0,,,0,True,0.1373,10,True,7.79,2092.1,0,8
v1_037_T3,T3,kg_no_context,False,optimal,False,True,0,,0.5,1.0,0.6667,"('max', 'protein_g', 46.4) | ('min', 'potassium_mg', 3500.0) | ('min', 'protein_g', 34.8)",,0,True,0.1301,11,False,8.62,12023.7,0,11
v1_037_T3,T3,kg_full,False,optimal,False,True,0,,1.0,1.0,1.0,,,0,True,0.1373,10,True,7.79,2160.0,0,8
v1_038_T3,T3,llmn_like,False,optimal,False,True,1,ckd3 LIMITS protein_g 0.6 per_kg (plan: 69.37),1.0,0.0,0.0,,"('max', 'protein_g', 36.0) | ('max', 'sodium_mg', 1500.0) | ('max', 'sodium_mg', 2300.0)",0,True,0.0,8,False,3.82,12025.2,0,5
v1_038_T3,T3,flat_table,False,optimal,False,True,0,,0.5,1.0,0.6667,"('max', 'protein_g', 48.0) | ('min', 'potassium_mg', 3500.0) | ('min', 'protein_g', 36.0)",,0,True,0.0982,9,False,7.74,12038.3,0,11
v1_038_T3,T3,kg_no_hierarchy,False,optimal,False,True,0,,1.0,1.0,1.0,,,0,True,0.0948,10,False,7.29,12024.6,0,8
v1_038_T3,T3,kg_no_context,False,optimal,False,True,0,,0.5,1.0,0.6667,"('max', 'protein_g', 48.0) | ('min', 'potassium_mg', 3500.0) | ('min', 'protein_g', 36.0)",,0,True,0.0982,9,False,7.74,12023.9,0,11
v1_038_T3,T3,kg_full,False,optimal,False,True,0,,1.0,1.0,1.0,,,0,True,0.0948,10,True,7.29,11111.2,0,8
v1_039_T3,T3,llmn_like,False,optimal,False,True,1,ckd3 LIMITS protein_g 0.6 per_kg (plan: 72.06),1.0,0.0,0.0,,"('exclude', 'F47') | ('exclude', 'F48') | ('exclude', 'F49') | ('max', 'protein_g', 40.8) | ('max', 'sodium_mg', 1500.0) | ('max', 'sodium_mg', 2300.0)",0,True,0.0,9,False,4.12,12024.0,0,5
v1_039_T3,T3,flat_table,False,optimal,False,True,0,,0.5,0.5,0.5,"('max', 'protein_g', 54.4) | ('min', 'potassium_mg', 3500.0) | ('min', 'protein_g', 40.8)","('exclude', 'F47') | ('exclude', 'F48') | ('exclude', 'F49')",0,True,0.1093,11,False,9.03,12022.8,0,11
v1_039_T3,T3,kg_no_hierarchy,False,optimal,False,True,0,,1.0,0.5,0.6667,,"('exclude', 'F47') | ('exclude', 'F48') | ('exclude', 'F49')",0,True,0.0898,10,True,7.56,5738.8,0,8
v1_039_T3,T3,kg_no_context,False,optimal,False,True,0,,0.6667,1.0,0.8,"('max', 'protein_g', 54.4) | ('min', 'potassium_mg', 3500.0) | ('min', 'protein_g', 40.8)",,0,True,0.0804,11,False,8.6,12036.2,3,11
v1_039_T3,T3,kg_full,False,optimal,False,True,0,,1.0,1.0,1.0,,,0,True,0.062,11,False,8.26,12040.2,3,8
v1_040_T3,T3,llmn_like,False,optimal,False,True,1,ckd3 LIMITS protein_g 0.6 per_kg (plan: 88.13),1.0,0.0,0.0,,"('exclude', 'F47') | ('exclude', 'F48') | ('exclude', 'F49') | ('max', 'protein_g', 48.0) | ('max', 'sodium_mg', 1500.0) | ('max', 'sodium_mg', 2300.0)",0,True,0.0,9,True,4.44,3621.8,0,5
v1_040_T3,T3,flat_table,False,optimal,False,True,0,,0.5,0.5,0.5,"('max', 'protein_g', 64.0) | ('min', 'potassium_mg', 3500.0) | ('min', 'protein_g', 48.0)","('exclude', 'F47') | ('exclude', 'F48') | ('exclude', 'F49')",0,True,0.0716,12,False,9.15,12026.0,0,11
v1_040_T3,T3,kg_no_hierarchy,False,optimal,False,True,0,,1.0,0.5,0.6667,,"('exclude', 'F47') | ('exclude', 'F48') | ('exclude', 'F49')",0,True,0.064,10,True,7.54,4170.2,0,8
v1_040_T3,T3,kg_no_context,False,optimal,False,True,0,,0.6667,1.0,0.8,"('max', 'protein_g', 64.0) | ('min', 'potassium_mg', 3500.0) | ('min', 'protein_g', 48.0)",,0,True,0.0443,11,False,9.87,12024.3,3,11
v1_040_T3,T3,kg_full,False,optimal,False,True,0,,1.0,1.0,1.0,,,0,True,0.064,10,True,7.54,3422.5,3,8
v1_041_T3,T3,llmn_like,False,optimal,False,True,1,hypertension REQUIRES potassium_mg 3500 per_day (plan: 3458.44),1.0,0.0,0.0,,"('exclude', 'F14') | ('exclude', 'F15') | ('exclude', 'F16') | ('max', 'sodium_mg', 1500.0) | ('max', 'sodium_mg', 2300.0) | ('min', 'potassium_mg', 3500.0) | ('per_1000kcal_min', 'fiber_g', 14.0)",0,True,0.0,10,True,4.09,7306.3,0,5
v1_041_T3,T3,flat_table,False,optimal,False,True,0,,0.8,0.5714,0.6667,"('min', 'protein_g', 55.2)","('exclude', 'F14') | ('exclude', 'F15') | ('exclude', 'F16')",0,True,0.0,8,True,4.19,6642.5,0,10
v1_041_T3,T3,kg_no_hierarchy,False,optimal,False,True,0,,1.0,0.5714,0.7273,,"('exclude', 'F14') | ('exclude', 'F15') | ('exclude', 'F16')",0,True,0.0,8,True,4.19,8134.2,0,9
v1_041_T3,T3,kg_no_context,False,optimal,False,True,0,,0.875,1.0,0.9333,"('min', 'protein_g', 55.2)",,0,True,0.0,8,True,4.19,7730.3,3,10
v1_041_T3,T3,kg_full,False,optimal,False,True,0,,1.0,1.0,1.0,,,0,True,0.0,8,True,4.19,10263.9,3,9
v1_042_T3,T3,llmn_like,False,optimal,False,True,1,t2dm REQUIRES fiber_g 14 per_1000kcal (plan: 30.56),1.0,0.0,0.0,,"('exclude', 'F14') | ('exclude', 'F15') | ('exclude', 'F16') | ('max', 'sodium_mg', 1500.0) | ('max', 'sodium_mg', 2300.0) | ('min', 'potassium_mg', 3500.0) | ('per_1000kcal_min', 'fiber_g', 14.0)",0,True,0.0,10,True,4.69,7175.6,0,5
v1_042_T3,T3,flat_table,False,optimal,False,True,0,,0.8,0.5714,0.6667,"('min', 'protein_g', 58.4)","('exclude', 'F14') | ('exclude', 'F15') | ('exclude', 'F16')",0,True,0.0,9,True,4.69,6159.2,0,10
v1_042_T3,T3,kg_no_hierarchy,False,optimal,False,True,0,,1.0,0.5714,0.7273,,"('exclude', 'F14') | ('exclude', 'F15') | ('exclude', 'F16')",0,True,0.0,9,True,4.69,8028.4,0,9
v1_042_T3,T3,kg_no_context,False,optimal,False,True,0,,0.875,1.0,0.9333,"('min', 'protein_g', 58.4)",,0,True,0.0,10,True,4.62,2748.5,3,10
v1_042_T3,T3,kg_full,False,optimal,False,True,0,,1.0,1.0,1.0,,,0,True,0.0,10,True,4.62,2552.9,3,9
v1_043_T3,T3,llmn_like,False,optimal,False,True,2,t2dm REQUIRES fiber_g 14 per_1000kcal (plan: 23.06) | hypertension REQUIRES potassium_mg 3500 per_day (plan: 2849.3),1.0,0.5556,0.7143,,"('max', 'sodium_mg', 1500.0) | ('max', 'sodium_mg', 2300.0) | ('min', 'potassium_mg', 3500.0) | ('per_1000kcal_min', 'fiber_g', 14.0)",0,True,0.0,7,True,3.98,1577.2,5,5
v1_043_T3,T3,flat_table,False,optimal,False,True,0,,0.9,1.0,0.9474,"('min', 'protein_g', 41.6)",,0,True,0.0,8,True,4.15,6058.8,5,10
v1_043_T3,T3,kg_no_hierarchy,False,optimal,False,True,0,,1.0,1.0,1.0,,,0,True,0.0,8,True,4.15,7449.8,5,9
v1_043_T3,T3,kg_no_context,False,optimal,False,True,0,,0.9,1.0,0.9474,"('min', 'protein_g', 41.6)",,0,True,0.0,8,True,4.15,5894.0,5,10
v1_043_T3,T3,kg_full,False,optimal,False,True,0,,1.0,1.0,1.0,,,0,True,0.0,8,True,4.15,7904.7,5,9
v1_044_T3,T3,llmn_like,False,optimal,False,True,1,hypertension REQUIRES potassium_mg 3500 per_day (plan: 3423.8),1.0,0.5556,0.7143,,"('max', 'sodium_mg', 1500.0) | ('max', 'sodium_mg', 2300.0) | ('min', 'potassium_mg', 3500.0) | ('per_1000kcal_min', 'fiber_g', 14.0)",0,True,0.0004,8,True,4.23,8740.3,5,5
v1_044_T3,T3,flat_table,False,optimal,False,True,0,,0.9,1.0,0.9474,"('min', 'protein_g', 69.6)",,0,True,0.0,7,True,4.33,8312.0,5,10
v1_044_T3,T3,kg_no_hierarchy,False,optimal,False,True,0,,1.0,1.0,1.0,,,0,True,0.0,7,True,4.33,5815.2,5,9
v1_044_T3,T3,kg_no_context,False,optimal,False,True,0,,0.9,1.0,0.9474,"('min', 'protein_g', 69.6)",,0,True,0.0,7,True,4.33,8352.1,5,10
v1_044_T3,T3,kg_full,False,optimal,False,True,0,,1.0,1.0,1.0,,,0,True,0.0,7,True,4.33,5801.3,5,9
v1_045_T3,T3,llmn_like,False,optimal,False,True,1,t2dm REQUIRES protein_g 0.8 per_kg (plan: 72.06),1.0,0.0,0.0,,"('max', 'protein_g', 73.6) | ('max', 'sodium_mg', 2300.0) | ('min', 'protein_g', 55.2) | ('min', 'protein_g', 73.6) | ('per_1000kcal_min', 'fiber_g', 14.0)",0,True,0.0,9,False,4.12,12035.8,0,5
v1_045_T3,T3,flat_table,False,infeasible_relaxed,True,False,1,t2dm REQUIRES protein_g 0.8 per_kg (plan: 55.36),0.8333,1.0,0.9091,"('max', 'protein_g', 55.2)",,0,True,0.0262,11,True,4.98,91.4,0,12
v1_045_T3,T3,kg_no_hierarchy,False,optimal,False,True,0,,1.0,1.0,1.0,,,0,True,0.002,9,False,4.44,12033.2,0,11
v1_045_T3,T3,kg_no_context,False,infeasible_relaxed,True,False,1,t2dm REQUIRES protein_g 0.8 per_kg (plan: 55.36),0.8333,1.0,0.9091,"('max', 'protein_g', 55.2)",,0,True,0.0262,11,True,4.98,86.2,0,12
v1_045_T3,T3,kg_full,False,optimal,False,True,0,,1.0,1.0,1.0,,,0,True,0.002,9,False,4.44,12024.0,0,11
v1_046_T3,T3,llmn_like,False,optimal,False,True,1,ckd3 LIMITS protein_g 0.8 per_kg (plan: 85.21),1.0,0.0,0.0,,"('max', 'protein_g', 60.8) | ('max', 'sodium_mg', 2300.0) | ('min', 'protein_g', 45.6) | ('min', 'protein_g', 60.8) | ('per_1000kcal_min', 'fiber_g', 14.0)",0,True,0.0,9,True,4.2,4423.2,0,5
v1_046_T3,T3,flat_table,False,infeasible_relaxed,True,False,1,t2dm REQUIRES protein_g 0.8 per_kg (plan: 45.84),0.8333,1.0,0.9091,"('max', 'protein_g', 45.6)",,0,True,0.1709,10,True,7.64,359.7,0,12
v1_046_T3,T3,kg_no_hierarchy,False,optimal,False,True,0,,1.0,1.0,1.0,,,0,True,0.0,11,False,5.14,12027.4,0,11
v1_046_T3,T3,kg_no_context,False,infeasible_relaxed,True,False,1,t2dm REQUIRES protein_g 0.8 per_kg (plan: 45.84),0.8333,1.0,0.9091,"('max', 'protein_g', 45.6)",,0,True,0.1709,10,True,7.64,396.8,0,12
v1_046_T3,T3,kg_full,False,optimal,False,True,0,,1.0,1.0,1.0,,,0,True,0.0,11,False,5.14,12026.3,0,11
v1_047_T3,T3,llmn_like,False,optimal,False,True,1,ckd3 LIMITS protein_g 0.8 per_kg (plan: 80.84),1.0,0.0,0.0,,"('max', 'protein_g', 57.6) | ('max', 'sodium_mg', 1500.0) | ('max', 'sodium_mg', 2300.0) | ('min', 'protein_g', 43.2) | ('min', 'protein_g', 57.6) | ('per_1000kcal_min', 'fiber_g', 14.0)",0,True,0.0,10,True,4.47,9982.5,0,5
v1_047_T3,T3,flat_table,False,infeasible_relaxed,True,False,1,t2dm REQUIRES protein_g 0.8 per_kg (plan: 43.2),0.75,1.0,0.8571,"('max', 'protein_g', 43.2) | ('min', 'potassium_mg', 3500.0)",,0,True,0.1246,11,True,8.91,396.1,0,14
v1_047_T3,T3,kg_no_hierarchy,False,optimal,False,True,0,,1.0,1.0,1.0,,,0,True,0.0034,9,False,6.81,12026.3,0,12
v1_047_T3,T3,kg_no_context,False,infeasible_relaxed,True,False,1,t2dm REQUIRES protein_g 0.8 per_kg (plan: 43.2),0.75,1.0,0.8571,"('max', 'protein_g', 43.2) | ('min', 'potassium_mg', 3500.0)",,0,True,0.1246,11,True,8.91,624.1,0,14
v1_047_T3,T3,kg_full,False,optimal,False,True,0,,1.0,1.0,1.0,,,0,True,0.0034,9,False,6.81,12038.0,0,12
v1_048_T3,T3,llmn_like,False,optimal,False,True,1,ckd3 LIMITS protein_g 0.8 per_kg (plan: 67.23),1.0,0.0,0.0,,"('max', 'protein_g', 46.4) | ('max', 'sodium_mg', 1500.0) | ('max', 'sodium_mg', 2300.0) | ('min', 'protein_g', 34.8) | ('min', 'protein_g', 46.4) | ('per_1000kcal_min', 'fiber_g', 14.0)",0,True,0.0,8,True,3.71,9257.1,0,5
v1_048_T3,T3,flat_table,False,infeasible_relaxed,True,False,1,t2dm REQUIRES protein_g 0.8 per_kg (plan: 34.86),0.75,1.0,0.8571,"('max', 'protein_g', 34.8) | ('min', 'potassium_mg', 3500.0)",,0,True,0.1038,10,True,6.78,420.5,0,14
v1_048_T3,T3,kg_no_hierarchy,False,optimal,False,True,0,,1.0,1.0,1.0,,,0,True,0.0137,11,False,6.75,12022.7,0,12
v1_048_T3,T3,kg_no_context,False,infeasible_relaxed,True,False,1,t2dm REQUIRES protein_g 0.8 per_kg (plan: 34.86),0.75,1.0,0.8571,"('max', 'protein_g', 34.8) | ('min', 'potassium_mg', 3500.0)",,0,True,0.1038,10,True,6.78,403.4,0,14
v1_048_T3,T3,kg_full,False,optimal,False,True,0,,1.0,1.0,1.0,,,0,True,0.0229,11,False,5.55,12020.3,0,12
v1_049_T3,T3,llmn_like,False,optimal,False,True,2,Potato (baked with skin): jain forbids root_vegetable | ckd3 LIMITS protein_g 0.6 per_kg (plan: 77.62),1.0,0.0,0.0,,"('exclude', 'F22') | ('exclude', 'F23') | ('exclude', 'F24') | ('exclude', 'F25') | ('exclude', 'F43') | ('exclude', 'F44') | ('exclude', 'F45') | ('exclude', 'F46') | ('exclude', 'F47') | ('exclude', 'F48') | ('exclude', 'F49') | ('max', 'protein_g', 54.0) | ('max', 'sodium_mg', 2300.0)",0,True,0.0,9,True,4.34,5040.1,0,5
v1_049_T3,T3,flat_table,False,optimal,False,True,0,,0.8333,0.7692,0.8,"('max', 'protein_g', 72.0) | ('min', 'protein_g', 54.0)","('exclude', 'F44') | ('exclude', 'F45') | ('exclude', 'F46')",0,True,0.0439,10,False,7.03,12022.0,8,9
v1_049_T3,T3,kg_no_hierarchy,False,optimal,False,True,0,,1.0,0.7692,0.8696,,"('exclude', 'F44') | ('exclude', 'F45') | ('exclude', 'F46')",0,True,0.0075,10,True,7.02,2355.0,8,7
v1_049_T3,T3,kg_no_context,False,optimal,False,True,0,,0.8667,1.0,0.9286,"('max', 'protein_g', 72.0) | ('min', 'protein_g', 54.0)",,0,True,0.0228,11,False,9.59,12017.0,11,9
v1_049_T3,T3,kg_full,False,optimal,False,True,0,,1.0,1.0,1.0,,,0,True,0.0075,10,True,7.02,2158.8,11,7
v1_050_T3,T3,llmn_like,False,optimal,False,True,2,Potato (baked with skin): jain forbids root_vegetable | ckd3 LIMITS protein_g 0.6 per_kg (plan: 69.37),1.0,0.0,0.0,,"('exclude', 'F22') | ('exclude', 'F23') | ('exclude', 'F24') | ('exclude', 'F25') | ('exclude', 'F43') | ('exclude', 'F44') | ('exclude', 'F45') | ('exclude', 'F46') | ('exclude', 'F47') | ('exclude', 'F48') | ('exclude', 'F49') | ('max', 'protein_g', 40.2) | ('max', 'sodium_mg', 2300.0)",0,True,0.0,8,True,3.82,8375.5,0,5
v1_050_T3,T3,flat_table,False,optimal,False,True,0,,0.8333,0.7692,0.8,"('max', 'protein_g', 53.6) | ('min', 'protein_g', 40.2)","('exclude', 'F44') | ('exclude', 'F45') | ('exclude', 'F46')",0,True,0.0795,10,False,7.18,12019.2,8,9
v1_050_T3,T3,kg_no_hierarchy,False,optimal,False,True,0,,1.0,0.7692,0.8696,,"('exclude', 'F44') | ('exclude', 'F45') | ('exclude', 'F46')",0,True,0.0625,10,True,7.27,2847.3,8,7
v1_050_T3,T3,kg_no_context,False,optimal,False,True,0,,0.8667,1.0,0.9286,"('max', 'protein_g', 53.6) | ('min', 'protein_g', 40.2)",,0,True,0.0909,11,False,7.42,12034.7,11,9
v1_050_T3,T3,kg_full,False,optimal,False,True,0,,1.0,1.0,1.0,,,0,True,0.0625,10,True,7.27,3593.4,11,7
v1_051_T3,T3,llmn_like,False,optimal,False,True,3,Milk (2% fat): vegan forbids animal_food | Cheddar cheese: vegan forbids animal_food | warfarin STABLE vitamin_k_ug 90-150 (plan: 247.9),1.0,0.0,0.0,,"('exclude', 'F38') | ('exclude', 'F39') | ('exclude', 'F40') | ('exclude', 'F41') | ('exclude', 'F42') | ('exclude', 'F43') | ('exclude', 'F44') | ('exclude', 'F45') | ('exclude', 'F46') | ('exclude', 'F47') | ('exclude', 'F48') | ('exclude', 'F49') | ('max', 'sodium_mg', 2300.0) | ('max', 'vitamin_k_ug', 150.0) | ('min', 'vitamin_k_ug', 90.0) | ('per_1000kcal_min', 'fiber_g', 14.0)",0,True,0.0,8,True,3.96,3170.7,0,5
v1_051_T3,T3,flat_table,False,optimal,False,True,2,Milk (2% fat): vegan forbids animal_food | Cheddar cheese: vegan forbids animal_food,0.8,0.25,0.381,"('min', 'protein_g', 48.0)","('exclude', 'F38') | ('exclude', 'F39') | ('exclude', 'F40') | ('exclude', 'F41') | ('exclude', 'F42') | ('exclude', 'F43') | ('exclude', 'F44') | ('exclude', 'F45') | ('exclude', 'F46') | ('exclude', 'F47') | ('exclude', 'F48') | ('exclude', 'F49')",0,True,0.0,7,True,4.29,1519.1,0,10
v1_051_T3,T3,kg_no_hierarchy,False,optimal,False,True,2,Milk (2% fat): vegan forbids animal_food | Cheddar cheese: vegan forbids animal_food,1.0,0.25,0.4,,"('exclude', 'F38') | ('exclude', 'F39') | ('exclude', 'F40') | ('exclude', 'F41') | ('exclude', 'F42') | ('exclude', 'F43') | ('exclude', 'F44') | ('exclude', 'F45') | ('exclude', 'F46') | ('exclude', 'F47') | ('exclude', 'F48') | ('exclude', 'F49')",0,True,0.0,7,True,4.29,1456.0,0,9
v1_051_T3,T3,kg_no_context,False,optimal,False,True,0,,0.9412,1.0,0.9697,"('min', 'protein_g', 48.0)",,0,True,0.0,9,True,4.19,10878.1,12,10
v1_051_T3,T3,kg_full,False,optimal,False,True,0,,1.0,1.0,1.0,,,0,True,0.0,9,True,4.19,6884.3,12,9
v1_052_T3,T3,llmn_like,False,optimal,False,True,3,Milk (2% fat): vegan forbids animal_food | Cheddar cheese: vegan forbids animal_food | warfarin STABLE vitamin_k_ug 90-150 (plan: 229.84),1.0,0.0,0.0,,"('exclude', 'F38') | ('exclude', 'F39') | ('exclude', 'F40') | ('exclude', 'F41') | ('exclude', 'F42') | ('exclude', 'F43') | ('exclude', 'F44') | ('exclude', 'F45') | ('exclude', 'F46') | ('exclude', 'F47') | ('exclude', 'F48') | ('exclude', 'F49') | ('max', 'sodium_mg', 2300.0) | ('max', 'vitamin_k_ug', 150.0) | ('min', 'vitamin_k_ug', 90.0) | ('per_1000kcal_min', 'fiber_g', 14.0)",0,True,0.0,8,True,4.47,972.6,0,5
v1_052_T3,T3,flat_table,False,optimal,False,True,3,Milk (2% fat): vegan forbids animal_food | Cheddar cheese: vegan forbids animal_food | Egg (hard-boiled): vegan forbids animal_food,0.8,0.25,0.381,"('min', 'protein_g', 69.6)","('exclude', 'F38') | ('exclude', 'F39') | ('exclude', 'F40') | ('exclude', 'F41') | ('exclude', 'F42') | ('exclude', 'F43') | ('exclude', 'F44') | ('exclude', 'F45') | ('exclude', 'F46') | ('exclude', 'F47') | ('exclude', 'F48') | ('exclude', 'F49')",0,True,0.0,8,True,5.75,2304.8,0,10
v1_052_T3,T3,kg_no_hierarchy,False,optimal,False,True,3,Milk (2% fat): vegan forbids animal_food | Cheddar cheese: vegan forbids animal_food | Egg (hard-boiled): vegan forbids animal_food,1.0,0.25,0.4,,"('exclude', 'F38') | ('exclude', 'F39') | ('exclude', 'F40') | ('exclude', 'F41') | ('exclude', 'F42') | ('exclude', 'F43') | ('exclude', 'F44') | ('exclude', 'F45') | ('exclude', 'F46') | ('exclude', 'F47') | ('exclude', 'F48') | ('exclude', 'F49')",0,True,0.0,8,True,5.75,1812.8,0,9
v1_052_T3,T3,kg_no_context,False,optimal,False,True,0,,0.9412,1.0,0.9697,"('min', 'protein_g', 69.6)",,0,True,0.0,9,True,4.81,7245.6,12,10
v1_052_T3,T3,kg_full,False,optimal,False,True,0,,1.0,1.0,1.0,,,0,True,0.0,9,False,4.81,12017.6,12,9
v1_053_T3,T3,llmn_like,False,optimal,False,True,0,,1.0,0.1538,0.2667,,"('exclude', 'F14') | ('exclude', 'F15') | ('exclude', 'F16') | ('exclude', 'F44') | ('exclude', 'F45') | ('exclude', 'F46') | ('exclude', 'F47') | ('exclude', 'F48') | ('exclude', 'F49') | ('max', 'sodium_mg', 1500.0) | ('min', 'potassium_mg', 3500.0)",0,True,0.0,8,True,4.76,1815.3,2,5
v1_053_T3,T3,flat_table,False,optimal,False,True,0,,1.0,0.5385,0.7,,"('exclude', 'F14') | ('exclude', 'F15') | ('exclude', 'F16') | ('exclude', 'F44') | ('exclude', 'F45') | ('exclude', 'F46')",0,True,0.0,9,True,4.66,5037.8,5,7
v1_053_T3,T3,kg_no_hierarchy,False,optimal,False,True,0,,1.0,0.5385,0.7,,"('exclude', 'F14') | ('exclude', 'F15') | ('exclude', 'F16') | ('exclude', 'F44') | ('exclude', 'F45') | ('exclude', 'F46')",0,True,0.0,9,True,4.66,4778.6,5,7
v1_053_T3,T3,kg_no_context,False,optimal,False,True,0,,1.0,1.0,1.0,,,0,True,0.0,9,True,4.59,6647.9,11,7
v1_053_T3,T3,kg_full,False,optimal,False,True,0,,1.0,1.0,1.0,,,0,True,0.0,9,True,4.59,7368.3,11,7
v1_054_T3,T3,llmn_like,False,optimal,False,True,1,hypertension REQUIRES potassium_mg 3500 per_day (plan: 2872.54),1.0,0.1538,0.2667,,"('exclude', 'F14') | ('exclude', 'F15') | ('exclude', 'F16') | ('exclude', 'F44') | ('exclude', 'F45') | ('exclude', 'F46') | ('exclude', 'F47') | ('exclude', 'F48') | ('exclude', 'F49') | ('max', 'sodium_mg', 1500.0) | ('min', 'potassium_mg', 3500.0)",0,True,0.0,7,True,3.82,3685.9,2,5
v1_054_T3,T3,flat_table,False,optimal,False,True,0,,1.0,0.5385,0.7,,"('exclude', 'F14') | ('exclude', 'F15') | ('exclude', 'F16') | ('exclude', 'F44') | ('exclude', 'F45') | ('exclude', 'F46')",0,True,0.0002,7,True,3.79,6318.1,5,7
v1_054_T3,T3,kg_no_hierarchy,False,optimal,False,True,0,,1.0,0.5385,0.7,,"('exclude', 'F14') | ('exclude', 'F15') | ('exclude', 'F16') | ('exclude', 'F44') | ('exclude', 'F45') | ('exclude', 'F46')",0,True,0.0002,7,True,3.79,6115.0,5,7
v1_054_T3,T3,kg_no_context,False,optimal,False,True,0,,1.0,1.0,1.0,,,0,True,0.0002,7,True,3.79,10236.6,11,7
v1_054_T3,T3,kg_full,False,optimal,False,True,0,,1.0,1.0,1.0,,,0,True,0.0002,7,True,3.79,10255.8,11,7
v1_055_T3,T3,llmn_like,False,optimal,False,True,2,Cheddar cheese: phenelzine avoid aged_cheese | ckd3 LIMITS protein_g 0.6 per_kg (plan: 85.21),1.0,0.2,0.3333,,"('exclude', 'F40') | ('exclude', 'F42') | ('max', 'protein_g', 45.0) | ('max', 'sodium_mg', 2300.0)",0,True,0.0,9,True,4.2,2051.8,1,5
v1_055_T3,T3,flat_table,False,optimal,False,True,0,,0.7143,1.0,0.8333,"('max', 'protein_g', 60.0) | ('min', 'protein_g', 45.0)",,0,True,0.0574,10,False,7.82,12023.8,3,9
v1_055_T3,T3,kg_no_hierarchy,False,optimal,False,True,0,,1.0,1.0,1.0,,,0,True,0.0401,11,True,8.59,10595.7,3,7
v1_055_T3,T3,kg_no_context,False,optimal,False,True,0,,0.7143,1.0,0.8333,"('max', 'protein_g', 60.0) | ('min', 'protein_g', 45.0)",,0,True,0.0574,10,False,7.82,12024.2,3,9
v1_055_T3,T3,kg_full,False,optimal,False,True,0,,1.0,1.0,1.0,,,0,True,0.0401,11,True,8.59,11116.6,3,7
v1_056_T3,T3,llmn_like,False,optimal,False,True,2,Cheddar cheese: phenelzine avoid aged_cheese | ckd3 LIMITS protein_g 0.6 per_kg (plan: 72.06),1.0,0.2,0.3333,,"('exclude', 'F40') | ('exclude', 'F42') | ('max', 'protein_g', 55.8) | ('max', 'sodium_mg', 2300.0)",0,True,0.0,9,False,4.12,12034.9,1,5
v1_056_T3,T3,flat_table,False,optimal,False,True,0,,0.7143,1.0,0.8333,"('max', 'protein_g', 74.4) | ('min', 'protein_g', 55.8)",,0,True,0.0006,11,False,5.69,12029.0,3,9
v1_056_T3,T3,kg_no_hierarchy,False,optimal,False,True,0,,1.0,1.0,1.0,,,0,True,0.0006,9,False,4.82,12024.4,3,7
v1_056_T3,T3,kg_no_context,False,optimal,False,True,0,,0.7143,1.0,0.8333,"('max', 'protein_g', 74.4) | ('min', 'protein_g', 55.8)",,0,True,0.0006,11,False,5.69,12020.6,3,9
v1_056_T3,T3,kg_full,False,optimal,False,True,0,,1.0,1.0,1.0,,,0,True,0.0006,9,False,4.82,12025.9,3,7
v1_057_T4,T4,llmn_like,True,optimal,False,False,1,ckd3 LIMITS protein_g 0.6 per_kg (plan: 124.96),1.0,0.0,0.0,,"('max', 'protein_g', 45.6) | ('max', 'sodium_mg', 2300.0)",0,True,0.0,6,True,6.09,2907.8,0,6
v1_057_T4,T4,flat_table,True,infeasible_relaxed,True,True,0,,0.5,1.0,0.6667,"('max', 'protein_g', 60.8) | ('min', 'protein_g', 45.6)",,0,True,0.0537,12,True,9.63,560.0,0,10
v1_057_T4,T4,kg_no_hierarchy,True,infeasible_relaxed,True,True,0,,1.0,1.0,1.0,,,0,True,0.0537,12,True,9.63,592.7,0,8
v1_057_T4,T4,kg_no_context,True,infeasible_relaxed,True,True,0,,0.5,1.0,0.6667,"('max', 'protein_g', 60.8) | ('min', 'protein_g', 45.6)",,0,True,0.0537,12,True,9.63,653.9,0,10
v1_057_T4,T4,kg_full,True,infeasible_relaxed,True,True,0,,1.0,1.0,1.0,,,0,True,0.0537,12,True,9.63,586.2,0,8
v1_058_T4,T4,llmn_like,True,optimal,False,False,1,ckd3 LIMITS protein_g 0.6 per_kg (plan: 103.69),1.0,0.0,0.0,,"('max', 'protein_g', 44.4) | ('max', 'sodium_mg', 2300.0)",0,True,0.0,5,True,5.07,3425.2,0,6
v1_058_T4,T4,flat_table,True,infeasible_relaxed,True,True,0,,0.5,1.0,0.6667,"('max', 'protein_g', 59.2) | ('min', 'protein_g', 44.4)",,0,True,0.0233,10,True,9.99,353.1,0,10
v1_058_T4,T4,kg_no_hierarchy,True,infeasible_relaxed,True,True,0,,1.0,1.0,1.0,,,0,True,0.0233,10,True,9.99,381.7,0,8
v1_058_T4,T4,kg_no_context,True,infeasible_relaxed,True,True,0,,0.5,1.0,0.6667,"('max', 'protein_g', 59.2) | ('min', 'protein_g', 44.4)",,0,True,0.0233,10,True,9.99,370.6,0,10
v1_058_T4,T4,kg_full,True,infeasible_relaxed,True,True,0,,1.0,1.0,1.0,,,0,True,0.0233,10,True,9.99,323.1,0,8
v1_059_T4,T4,llmn_like,True,optimal,False,False,1,hypertension LIMITS sodium_mg 1500 per_day (plan: 2077.76),1.0,0.0,0.0,,"('max', 'sodium_mg', 1500.0) | ('min', 'potassium_mg', 3500.0)",0,True,0.0,8,True,7.25,7174.2,0,6
v1_059_T4,T4,flat_table,True,infeasible_relaxed,True,True,0,,1.0,1.0,1.0,,,0,True,0.0,11,True,9.56,535.6,0,8
v1_059_T4,T4,kg_no_hierarchy,True,infeasible_relaxed,True,True,0,,1.0,1.0,1.0,,,0,True,0.0,11,True,9.56,441.5,0,8
v1_059_T4,T4,kg_no_context,True,infeasible_relaxed,True,True,0,,1.0,1.0,1.0,,,0,True,0.0,11,True,9.56,439.3,0,8
v1_059_T4,T4,kg_full,True,infeasible_relaxed,True,True,0,,1.0,1.0,1.0,,,0,True,0.0,11,True,9.56,425.4,0,8
v1_060_T4,T4,llmn_like,True,optimal,False,False,1,t2dm REQUIRES fiber_g 14 per_1000kcal (plan: 9.98),1.0,0.0,0.0,,"('max', 'sodium_mg', 2300.0) | ('per_1000kcal_min', 'fiber_g', 14.0)",0,True,0.0875,8,True,10.32,3630.9,0,6
v1_060_T4,T4,flat_table,True,infeasible_relaxed,True,True,0,,0.6667,1.0,0.8,"('min', 'protein_g', 51.2)",,0,True,0.0,11,True,5.55,953.5,0,9
v1_060_T4,T4,kg_no_hierarchy,True,infeasible_relaxed,True,True,0,,1.0,1.0,1.0,,,0,True,0.0543,8,True,5.3,598.1,0,8
v1_060_T4,T4,kg_no_context,True,infeasible_relaxed,True,True,0,,0.6667,1.0,0.8,"('min', 'protein_g', 51.2)",,0,True,0.0,11,True,5.55,900.6,0,9
v1_060_T4,T4,kg_full,True,infeasible_relaxed,True,True,0,,1.0,1.0,1.0,,,0,True,0.0543,8,True,5.3,711.8,0,8
v1_061_T4,T4,llmn_like,True,optimal,False,False,2,t2dm REQUIRES protein_g 0.8 per_kg (plan: 39.97) | ckd3 REQUIRES protein_g 0.6 per_kg (plan: 39.97),1.0,0.0,0.0,,"('max', 'protein_g', 76.0) | ('max', 'sodium_mg', 2300.0) | ('min', 'protein_g', 57.0) | ('min', 'protein_g', 76.0) | ('per_1000kcal_min', 'fiber_g', 14.0)",0,True,0.0891,12,True,10.74,6992.8,0,6
v1_061_T4,T4,flat_table,True,infeasible_relaxed,True,True,2,t2dm REQUIRES protein_g 0.8 per_kg (plan: 40.01) | ckd3 REQUIRES protein_g 0.6 per_kg (plan: 40.01),0.8333,1.0,0.9091,"('max', 'protein_g', 57.0)",,0,True,0.0893,12,True,9.26,428.2,0,13
v1_061_T4,T4,kg_no_hierarchy,True,infeasible_relaxed,True,True,2,t2dm REQUIRES protein_g 0.8 per_kg (plan: 40.01) | ckd3 REQUIRES protein_g 0.6 per_kg (plan: 40.01),1.0,1.0,1.0,,,0,True,0.0893,12,True,9.26,483.4,0,12
v1_061_T4,T4,kg_no_context,True,infeasible_relaxed,True,True,2,t2dm REQUIRES protein_g 0.8 per_kg (plan: 40.01) | ckd3 REQUIRES protein_g 0.6 per_kg (plan: 40.01),0.8333,1.0,0.9091,"('max', 'protein_g', 57.0)",,0,True,0.0893,12,True,9.26,596.5,0,13
v1_061_T4,T4,kg_full,True,infeasible_relaxed,True,True,2,t2dm REQUIRES protein_g 0.8 per_kg (plan: 40.01) | ckd3 REQUIRES protein_g 0.6 per_kg (plan: 40.01),1.0,1.0,1.0,,,0,True,0.0893,12,True,9.26,501.8,0,12
v1_062_T4,T4,llmn_like,True,infeasible_relaxed,True,True,2,hypertension LIMITS sodium_mg 1500 per_day (plan: 2301.78) | hypertension REQUIRES potassium_mg 3500 per_day (plan: 3365.74),1.0,0.0,0.0,,"('max', 'sodium_mg', 1500.0) | ('max', 'sodium_mg', 2300.0) | ('min', 'potassium_mg', 3500.0) | ('per_1000kcal_min', 'fiber_g', 14.0)",0,True,0.0133,7,True,8.26,290.9,0,6
v1_062_T4,T4,flat_table,True,infeasible_relaxed,True,True,0,,0.8,1.0,0.8889,"('min', 'protein_g', 44.8)",,0,True,0.0019,8,True,6.59,586.6,0,11
v1_062_T4,T4,kg_no_hierarchy,True,infeasible_relaxed,True,True,0,,1.0,1.0,1.0,,,0,True,0.0,11,True,7.54,663.6,0,10
v1_062_T4,T4,kg_no_context,True,infeasible_relaxed,True,True,0,,0.8,1.0,0.8889,"('min', 'protein_g', 44.8)",,0,True,0.0019,8,True,6.59,564.2,0,11
v1_062_T4,T4,kg_full,True,infeasible_relaxed,True,True,0,,1.0,1.0,1.0,,,0,True,0.0,11,True,7.54,393.2,0,10
