food_id,name,fdc_id,serving_g,max_servings,price_per_100g,class,allergens,meal_slots,energy_kcal,protein_g,carbs_g,fat_g,sat_fat_g,fiber_g,sugar_g,sodium_mg,potassium_mg,phosphorus_mg,calcium_mg,iron_mg,vitamin_k_ug
F01,Brown rice (cooked),,150,3,0.25,grain,,L|D,123,2.7,25.6,1.0,0.2,1.6,0.2,4,86,103,3,0.6,0.6
F02,White rice (cooked),,150,3,0.20,grain,,L|D,130,2.7,28.2,0.3,0.1,0.4,0.1,1,35,43,10,1.2,0
F03,Rolled oats (dry),,40,3,0.35,grain,,B,379,13.2,67.7,6.5,1.1,10.1,1.0,6,362,410,52,4.3,2.0
F04,Whole wheat bread,,30,4,0.60,grain,,B|L,252,12.4,42.7,3.5,0.7,6.0,4.4,450,250,210,160,2.5,7.8
F05,Quinoa (cooked),,150,3,0.90,grain,,L|D,120,4.4,21.3,1.9,0.2,2.8,0.9,7,172,152,17,1.5,0
F06,Whole wheat pasta (cooked),,140,3,0.40,grain,,L|D,149,5.8,30.0,1.7,0.3,3.9,0.8,4,96,127,15,1.3,0.8
F07,Lentils (cooked),,100,3,0.30,legume,,L|D,116,9.0,20.1,0.4,0.1,7.9,1.8,2,369,180,19,3.3,1.7
F08,Chickpeas (cooked),,100,3,0.35,legume,,L|D|S,164,8.9,27.4,2.6,0.3,7.6,4.8,7,291,168,49,2.9,4.0
F09,Black beans (cooked),,100,3,0.30,legume,,L|D,132,8.9,23.7,0.5,0.1,8.7,0.3,1,355,140,27,2.1,3.3
F10,Tofu (firm),,100,3,0.70,legume,,B|L|D,144,17.3,2.8,8.7,1.3,2.3,0.6,14,237,190,683,2.7,2.4
F11,Peanuts (dry roasted),,28,2,0.90,legume,peanut,S,567,25.8,16.1,49.2,6.3,8.5,4.7,18,705,376,92,4.6,0
F12,Peanut butter,,16,3,0.80,legume,peanut,B|S,588,25.0,20.0,50.0,10.0,6.0,9.0,430,650,360,45,1.9,0.6
F13,Soy milk (unsweetened),,240,2,0.35,legume,,B|S,33,2.9,1.7,1.6,0.2,0.4,0.3,51,118,43,123,0.4,3.0
F14,Almonds,,28,2,2.00,tree_nut_food,almond,B|S,579,21.2,21.6,49.9,3.8,12.5,4.4,1,733,481,269,3.7,0
F15,Cashews,,28,2,2.20,tree_nut_food,cashew,S,553,18.2,30.2,43.9,7.8,3.3,5.9,12,660,593,37,6.7,34.1
F16,Walnuts,,28,2,2.20,tree_nut_food,walnut,B|S,654,15.2,13.7,65.2,6.1,6.7,2.6,2,441,346,98,2.9,2.7
F17,Sunflower seeds,,28,2,1.00,seed,,B|S,584,20.8,20.0,51.5,4.5,8.6,2.6,9,645,660,78,5.3,0
F18,Chia seeds,,15,2,2.00,seed,,B|S,486,16.5,42.1,30.7,3.3,34.4,0,16,407,860,631,7.7,0
F19,Spinach (raw),,30,3,1.30,leafy_green,,L|D,23,2.9,3.6,0.4,0.1,2.2,0.4,79,558,49,99,2.7,483
F20,Kale (raw),,30,3,1.30,leafy_green,,L|D,49,4.3,8.8,0.9,0.1,3.6,2.3,38,491,92,150,1.5,705
F21,Broccoli (raw),,90,3,0.80,other_vegetable,,L|D,34,2.8,6.6,0.4,0.1,2.6,1.7,33,316,66,47,0.7,102
F22,Carrot (raw),,60,3,0.30,root_vegetable,,L|D|S,41,0.9,9.6,0.2,0,2.8,4.7,69,320,35,33,0.3,13.2
F23,Potato (baked with skin),,150,2,0.25,root_vegetable,,L|D,93,2.5,21.2,0.1,0,2.2,1.2,10,535,70,15,1.1,2.0
F24,Sweet potato (baked),,130,2,0.40,root_vegetable,,L|D,90,2.0,20.7,0.2,0,3.3,6.5,36,475,54,38,0.7,2.3
F25,Onion (raw),,50,2,0.25,root_vegetable,,L|D,40,1.1,9.3,0.1,0,1.7,4.2,4,146,29,23,0.2,0.4
F26,Tomato (raw),,120,3,0.60,other_vegetable,,L|D|S,18,0.9,3.9,0.2,0,1.2,2.6,5,237,24,10,0.3,7.9
F27,Cucumber (raw),,100,3,0.50,other_vegetable,,L|D|S,15,0.7,3.6,0.1,0,0.5,1.7,2,147,24,16,0.3,16.4
F28,Red bell pepper (raw),,100,3,0.90,other_vegetable,,L|D|S,31,1.0,6.0,0.3,0,2.1,4.2,4,211,26,7,0.4,4.9
F29,Cauliflower (raw),,100,3,0.60,other_vegetable,,L|D,25,1.9,5.0,0.3,0.1,2.0,1.9,30,299,44,22,0.4,15.5
F30,Green peas (cooked),,80,3,0.50,legume,,L|D,84,5.4,15.6,0.2,0,5.5,5.9,3,271,117,27,1.5,26.0
F31,Mushrooms (white raw),,70,3,1.00,other_vegetable,,L|D,22,3.1,3.3,0.3,0,1.0,2.0,5,318,86,3,0.5,0
F32,Apple,,180,2,0.50,fruit,,B|S,52,0.3,13.8,0.2,0,2.4,10.4,1,107,11,6,0.1,2.2
F33,Banana,,120,2,0.30,fruit,,B|S,89,1.1,22.8,0.3,0.1,2.6,12.2,1,358,22,5,0.3,0.5
F34,Orange,,130,2,0.40,fruit,,B|S,47,0.9,11.8,0.1,0,2.4,9.4,0,181,14,40,0.1,0
F35,Blueberries,,75,2,1.50,fruit,,B|S,57,0.7,14.5,0.3,0,2.4,10.0,1,77,12,6,0.3,19.3
F36,Strawberries,,150,2,1.00,fruit,,B|S,32,0.7,7.7,0.3,0,2.0,4.9,1,153,24,16,0.4,2.2
F37,Avocado,,50,2,1.20,fruit,,B|L|S,160,2.0,8.5,14.7,2.1,6.7,0.7,7,485,52,12,0.6,21.0
F38,Milk (2% fat),,240,2,0.12,dairy,milk,B|S,50,3.3,4.8,2.0,1.3,0,5.1,47,150,92,120,0,0.2
F39,Greek yogurt (plain nonfat),,170,2,0.70,dairy,milk,B|S,59,10.2,3.6,0.4,0.1,0,3.2,36,141,135,110,0.1,0
F40,Cheddar cheese,,28,2,1.40,aged_cheese,milk,L|S,403,24.9,1.3,33.1,21.1,0,0.5,621,98,512,721,0.7,2.8
F41,Cottage cheese (low fat),,110,2,0.60,fresh_cheese,milk,B|S,81,10.5,4.3,2.3,1.0,0,4.1,308,86,150,111,0.1,0
F42,Parmesan cheese,,10,2,3.00,aged_cheese,milk,L|D,392,35.8,3.2,25.8,15.4,0,0.8,1602,92,694,1184,0.8,1.7
F43,Egg (hard-boiled),,50,3,0.50,egg_product,egg,B|L,155,12.6,1.1,10.6,3.3,0,1.1,124,126,172,50,1.2,0.3
F44,Chicken breast (cooked),,100,2,1.10,poultry,,L|D,165,31.0,0,3.6,1.0,0,0,74,256,228,15,1.0,0.3
F45,Turkey breast (roasted),,85,2,1.30,poultry,,L|D,135,30.0,0,1.0,0.3,0,0,99,293,230,10,0.7,0
F46,Lean beef 95% (cooked),,85,2,1.50,red_meat,,L|D,164,26.0,0,6.0,2.6,0,0,65,370,220,7,2.9,1.2
F47,Salmon (cooked),,100,2,2.40,fish_seafood,salmon,L|D,206,22.1,0,12.4,2.5,0,0,61,384,252,15,0.3,0.1
F48,Tuna (canned in water),,85,2,1.20,fish_seafood,tuna,L|D,116,25.5,0,0.8,0.2,0,0,338,237,217,11,1.5,0
F49,Cod (cooked),,100,2,2.00,fish_seafood,cod,L|D,105,22.8,0,0.9,0.2,0,0,78,244,138,14,0.5,0.1
F50,Olive oil,,10,3,1.00,plant_oil,,L|D,884,0,0,100,13.8,0,0,2,1,0,1,0.6,60.2
