food_id,nutrient_id,fdc_id,source
F01,energy_kcal,169704,USDA FDC SR Legacy 2018-04
F01,protein_g,169704,USDA FDC SR Legacy 2018-04
F01,carbs_g,169704,USDA FDC SR Legacy 2018-04
F01,fat_g,169704,USDA FDC SR Legacy 2018-04
F01,sat_fat_g,169704,USDA FDC SR Legacy 2018-04
F01,fiber_g,169704,USDA FDC SR Legacy 2018-04
F01,sugar_g,169704,USDA FDC SR Legacy 2018-04
F01,sodium_mg,169704,USDA FDC SR Legacy 2018-04
F01,potassium_mg,169704,USDA FDC SR Legacy 2018-04
F01,phosphorus_mg,169704,USDA FDC SR Legacy 2018-04
F01,calcium_mg,169704,USDA FDC SR Legacy 2018-04
F01,iron_mg,169704,USDA FDC SR Legacy 2018-04
F01,vitamin_k_ug,169704,USDA FDC SR Legacy 2018-04
F02,energy_kcal,168878,USDA FDC SR Legacy 2018-04
F02,protein_g,168878,USDA FDC SR Legacy 2018-04
F02,carbs_g,168878,USDA FDC SR Legacy 2018-04
F02,fat_g,168878,USDA FDC SR Legacy 2018-04
F02,sat_fat_g,168878,USDA FDC SR Legacy 2018-04
F02,fiber_g,168878,USDA FDC SR Legacy 2018-04
F02,sugar_g,168878,USDA FDC SR Legacy 2018-04
F02,sodium_mg,168878,USDA FDC SR Legacy 2018-04
F02,potassium_mg,168878,USDA FDC SR Legacy 2018-04
F02,phosphorus_mg,168878,USDA FDC SR Legacy 2018-04
F02,calcium_mg,168878,USDA FDC SR Legacy 2018-04
F02,iron_mg,168878,USDA FDC SR Legacy 2018-04
F02,vitamin_k_ug,168878,USDA FDC SR Legacy 2018-04
F03,energy_kcal,173904,USDA FDC SR Legacy 2018-04
F03,protein_g,173904,USDA FDC SR Legacy 2018-04
F03,carbs_g,173904,USDA FDC SR Legacy 2018-04
F03,fat_g,173904,USDA FDC SR Legacy 2018-04
F03,sat_fat_g,173904,USDA FDC SR Legacy 2018-04
F03,fiber_g,173904,USDA FDC SR Legacy 2018-04
F03,sugar_g,173904,USDA FDC SR Legacy 2018-04
F03,sodium_mg,173904,USDA FDC SR Legacy 2018-04
F03,potassium_mg,173904,USDA FDC SR Legacy 2018-04
F03,phosphorus_mg,173904,USDA FDC SR Legacy 2018-04
F03,calcium_mg,173904,USDA FDC SR Legacy 2018-04
F03,iron_mg,173904,USDA FDC SR Legacy 2018-04
F03,vitamin_k_ug,173904,USDA FDC SR Legacy 2018-04
F04,energy_kcal,172688,USDA FDC SR Legacy 2018-04
F04,protein_g,172688,USDA FDC SR Legacy 2018-04
F04,carbs_g,172688,USDA FDC SR Legacy 2018-04
F04,fat_g,172688,USDA FDC SR Legacy 2018-04
F04,sat_fat_g,172688,USDA FDC SR Legacy 2018-04
F04,fiber_g,172688,USDA FDC SR Legacy 2018-04
F04,sugar_g,172688,USDA FDC SR Legacy 2018-04
F04,sodium_mg,172688,USDA FDC SR Legacy 2018-04
F04,potassium_mg,172688,USDA FDC SR Legacy 2018-04
F04,phosphorus_mg,172688,USDA FDC SR Legacy 2018-04
F04,calcium_mg,172688,USDA FDC SR Legacy 2018-04
F04,iron_mg,172688,USDA FDC SR Legacy 2018-04
F04,vitamin_k_ug,172688,USDA FDC SR Legacy 2018-04
F05,energy_kcal,168917,USDA FDC SR Legacy 2018-04
F05,protein_g,168917,USDA FDC SR Legacy 2018-04
F05,carbs_g,168917,USDA FDC SR Legacy 2018-04
F05,fat_g,168917,USDA FDC SR Legacy 2018-04
F05,sat_fat_g,168917,USDA FDC SR Legacy 2018-04
F05,fiber_g,168917,USDA FDC SR Legacy 2018-04
F05,sugar_g,168917,USDA FDC SR Legacy 2018-04
F05,sodium_mg,168917,USDA FDC SR Legacy 2018-04
F05,potassium_mg,168917,USDA FDC SR Legacy 2018-04
F05,phosphorus_mg,168917,USDA FDC SR Legacy 2018-04
F05,calcium_mg,168917,USDA FDC SR Legacy 2018-04
F05,iron_mg,168917,USDA FDC SR Legacy 2018-04
F05,vitamin_k_ug,168917,USDA FDC SR Legacy 2018-04
F06,energy_kcal,168910,USDA FDC SR Legacy 2018-04
F06,protein_g,168910,USDA FDC SR Legacy 2018-04
F06,carbs_g,168910,USDA FDC SR Legacy 2018-04
F06,fat_g,168910,USDA FDC SR Legacy 2018-04
F06,sat_fat_g,168910,USDA FDC SR Legacy 2018-04
F06,fiber_g,168910,USDA FDC SR Legacy 2018-04
F06,sugar_g,168910,USDA FDC SR Legacy 2018-04
F06,sodium_mg,168910,USDA FDC SR Legacy 2018-04
F06,potassium_mg,168910,USDA FDC SR Legacy 2018-04
F06,phosphorus_mg,168910,USDA FDC SR Legacy 2018-04
F06,calcium_mg,168910,USDA FDC SR Legacy 2018-04
F06,iron_mg,168910,USDA FDC SR Legacy 2018-04
F06,vitamin_k_ug,168910,USDA FDC SR Legacy 2018-04
F07,energy_kcal,172421,USDA FDC SR Legacy 2018-04
F07,protein_g,172421,USDA FDC SR Legacy 2018-04
F07,carbs_g,172421,USDA FDC SR Legacy 2018-04
F07,fat_g,172421,USDA FDC SR Legacy 2018-04
F07,sat_fat_g,172421,USDA FDC SR Legacy 2018-04
F07,fiber_g,172421,USDA FDC SR Legacy 2018-04
F07,sugar_g,172421,USDA FDC SR Legacy 2018-04
F07,sodium_mg,172421,USDA FDC SR Legacy 2018-04
F07,potassium_mg,172421,USDA FDC SR Legacy 2018-04
F07,phosphorus_mg,172421,USDA FDC SR Legacy 2018-04
F07,calcium_mg,172421,USDA FDC SR Legacy 2018-04
F07,iron_mg,172421,USDA FDC SR Legacy 2018-04
F07,vitamin_k_ug,172421,USDA FDC SR Legacy 2018-04
F08,energy_kcal,173757,USDA FDC SR Legacy 2018-04
F08,protein_g,173757,USDA FDC SR Legacy 2018-04
F08,carbs_g,173757,USDA FDC SR Legacy 2018-04
F08,fat_g,173757,USDA FDC SR Legacy 2018-04
F08,sat_fat_g,173757,USDA FDC SR Legacy 2018-04
F08,fiber_g,173757,USDA FDC SR Legacy 2018-04
F08,sugar_g,173757,USDA FDC SR Legacy 2018-04
F08,sodium_mg,173757,USDA FDC SR Legacy 2018-04
F08,potassium_mg,173757,USDA FDC SR Legacy 2018-04
F08,phosphorus_mg,173757,USDA FDC SR Legacy 2018-04
F08,calcium_mg,173757,USDA FDC SR Legacy 2018-04
F08,iron_mg,173757,USDA FDC SR Legacy 2018-04
F08,vitamin_k_ug,173757,USDA FDC SR Legacy 2018-04
F09,energy_kcal,173735,USDA FDC SR Legacy 2018-04
F09,protein_g,173735,USDA FDC SR Legacy 2018-04
F09,carbs_g,173735,USDA FDC SR Legacy 2018-04
F09,fat_g,173735,USDA FDC SR Legacy 2018-04
F09,sat_fat_g,173735,USDA FDC SR Legacy 2018-04
F09,fiber_g,173735,USDA FDC SR Legacy 2018-04
F09,sugar_g,173735,USDA FDC SR Legacy 2018-04
F09,sodium_mg,173735,USDA FDC SR Legacy 2018-04
F09,potassium_mg,173735,USDA FDC SR Legacy 2018-04
F09,phosphorus_mg,173735,USDA FDC SR Legacy 2018-04
F09,calcium_mg,173735,USDA FDC SR Legacy 2018-04
F09,iron_mg,173735,USDA FDC SR Legacy 2018-04
F09,vitamin_k_ug,173735,USDA FDC SR Legacy 2018-04
F10,energy_kcal,172475,USDA FDC SR Legacy 2018-04
F10,protein_g,172475,USDA FDC SR Legacy 2018-04
F10,carbs_g,172475,USDA FDC SR Legacy 2018-04
F10,fat_g,172475,USDA FDC SR Legacy 2018-04
F10,sat_fat_g,172475,USDA FDC SR Legacy 2018-04
F10,fiber_g,172475,USDA FDC SR Legacy 2018-04
F10,sugar_g,172475,imputed (not reported in SR Legacy; approximate value kept)
F10,sodium_mg,172475,USDA FDC SR Legacy 2018-04
F10,potassium_mg,172475,USDA FDC SR Legacy 2018-04
F10,phosphorus_mg,172475,USDA FDC SR Legacy 2018-04
F10,calcium_mg,172475,USDA FDC SR Legacy 2018-04
F10,iron_mg,172475,USDA FDC SR Legacy 2018-04
F10,vitamin_k_ug,172475,imputed (not reported in SR Legacy; approximate value kept)
F11,energy_kcal,173806,USDA FDC SR Legacy 2018-04
F11,protein_g,173806,USDA FDC SR Legacy 2018-04
F11,carbs_g,173806,USDA FDC SR Legacy 2018-04
F11,fat_g,173806,USDA FDC SR Legacy 2018-04
F11,sat_fat_g,173806,USDA FDC SR Legacy 2018-04
F11,fiber_g,173806,USDA FDC SR Legacy 2018-04
F11,sugar_g,173806,USDA FDC SR Legacy 2018-04
F11,sodium_mg,173806,USDA FDC SR Legacy 2018-04
F11,potassium_mg,173806,USDA FDC SR Legacy 2018-04
F11,phosphorus_mg,173806,USDA FDC SR Legacy 2018-04
F11,calcium_mg,173806,USDA FDC SR Legacy 2018-04
F11,iron_mg,173806,USDA FDC SR Legacy 2018-04
F11,vitamin_k_ug,173806,USDA FDC SR Legacy 2018-04
F12,energy_kcal,172470,USDA FDC SR Legacy 2018-04
F12,protein_g,172470,USDA FDC SR Legacy 2018-04
F12,carbs_g,172470,USDA FDC SR Legacy 2018-04
F12,fat_g,172470,USDA FDC SR Legacy 2018-04
F12,sat_fat_g,172470,USDA FDC SR Legacy 2018-04
F12,fiber_g,172470,USDA FDC SR Legacy 2018-04
F12,sugar_g,172470,USDA FDC SR Legacy 2018-04
F12,sodium_mg,172470,USDA FDC SR Legacy 2018-04
F12,potassium_mg,172470,USDA FDC SR Legacy 2018-04
F12,phosphorus_mg,172470,USDA FDC SR Legacy 2018-04
F12,calcium_mg,172470,USDA FDC SR Legacy 2018-04
F12,iron_mg,172470,USDA FDC SR Legacy 2018-04
F12,vitamin_k_ug,172470,USDA FDC SR Legacy 2018-04
F13,energy_kcal,175215,USDA FDC SR Legacy 2018-04
F13,protein_g,175215,USDA FDC SR Legacy 2018-04
F13,carbs_g,175215,USDA FDC SR Legacy 2018-04
F13,fat_g,175215,USDA FDC SR Legacy 2018-04
F13,sat_fat_g,175215,USDA FDC SR Legacy 2018-04
F13,fiber_g,175215,USDA FDC SR Legacy 2018-04
F13,sugar_g,175215,USDA FDC SR Legacy 2018-04
F13,sodium_mg,175215,USDA FDC SR Legacy 2018-04
F13,potassium_mg,175215,USDA FDC SR Legacy 2018-04
F13,phosphorus_mg,175215,USDA FDC SR Legacy 2018-04
F13,calcium_mg,175215,USDA FDC SR Legacy 2018-04
F13,iron_mg,175215,USDA FDC SR Legacy 2018-04
F13,vitamin_k_ug,175215,imputed (not reported in SR Legacy; approximate value kept)
F14,energy_kcal,170567,USDA FDC SR Legacy 2018-04
F14,protein_g,170567,USDA FDC SR Legacy 2018-04
F14,carbs_g,170567,USDA FDC SR Legacy 2018-04
F14,fat_g,170567,USDA FDC SR Legacy 2018-04
F14,sat_fat_g,170567,USDA FDC SR Legacy 2018-04
F14,fiber_g,170567,USDA FDC SR Legacy 2018-04
F14,sugar_g,170567,USDA FDC SR Legacy 2018-04
F14,sodium_mg,170567,USDA FDC SR Legacy 2018-04
F14,potassium_mg,170567,USDA FDC SR Legacy 2018-04
F14,phosphorus_mg,170567,USDA FDC SR Legacy 2018-04
F14,calcium_mg,170567,USDA FDC SR Legacy 2018-04
F14,iron_mg,170567,USDA FDC SR Legacy 2018-04
F14,vitamin_k_ug,170567,USDA FDC SR Legacy 2018-04
F15,energy_kcal,170162,USDA FDC SR Legacy 2018-04
F15,protein_g,170162,USDA FDC SR Legacy 2018-04
F15,carbs_g,170162,USDA FDC SR Legacy 2018-04
F15,fat_g,170162,USDA FDC SR Legacy 2018-04
F15,sat_fat_g,170162,USDA FDC SR Legacy 2018-04
F15,fiber_g,170162,USDA FDC SR Legacy 2018-04
F15,sugar_g,170162,USDA FDC SR Legacy 2018-04
F15,sodium_mg,170162,USDA FDC SR Legacy 2018-04
F15,potassium_mg,170162,USDA FDC SR Legacy 2018-04
F15,phosphorus_mg,170162,USDA FDC SR Legacy 2018-04
F15,calcium_mg,170162,USDA FDC SR Legacy 2018-04
F15,iron_mg,170162,USDA FDC SR Legacy 2018-04
F15,vitamin_k_ug,170162,USDA FDC SR Legacy 2018-04
F16,energy_kcal,170187,USDA FDC SR Legacy 2018-04
F16,protein_g,170187,USDA FDC SR Legacy 2018-04
F16,carbs_g,170187,USDA FDC SR Legacy 2018-04
F16,fat_g,170187,USDA FDC SR Legacy 2018-04
F16,sat_fat_g,170187,USDA FDC SR Legacy 2018-04
F16,fiber_g,170187,USDA FDC SR Legacy 2018-04
F16,sugar_g,170187,USDA FDC SR Legacy 2018-04
F16,sodium_mg,170187,USDA FDC SR Legacy 2018-04
F16,potassium_mg,170187,USDA FDC SR Legacy 2018-04
F16,phosphorus_mg,170187,USDA FDC SR Legacy 2018-04
F16,calcium_mg,170187,USDA FDC SR Legacy 2018-04
F16,iron_mg,170187,USDA FDC SR Legacy 2018-04
F16,vitamin_k_ug,170187,USDA FDC SR Legacy 2018-04
F17,energy_kcal,170562,USDA FDC SR Legacy 2018-04
F17,protein_g,170562,USDA FDC SR Legacy 2018-04
F17,carbs_g,170562,USDA FDC SR Legacy 2018-04
F17,fat_g,170562,USDA FDC SR Legacy 2018-04
F17,sat_fat_g,170562,USDA FDC SR Legacy 2018-04
F17,fiber_g,170562,USDA FDC SR Legacy 2018-04
F17,sugar_g,170562,USDA FDC SR Legacy 2018-04
F17,sodium_mg,170562,USDA FDC SR Legacy 2018-04
F17,potassium_mg,170562,USDA FDC SR Legacy 2018-04
F17,phosphorus_mg,170562,USDA FDC SR Legacy 2018-04
F17,calcium_mg,170562,USDA FDC SR Legacy 2018-04
F17,iron_mg,170562,USDA FDC SR Legacy 2018-04
F17,vitamin_k_ug,170562,USDA FDC SR Legacy 2018-04
F18,energy_kcal,170554,USDA FDC SR Legacy 2018-04
F18,protein_g,170554,USDA FDC SR Legacy 2018-04
F18,carbs_g,170554,USDA FDC SR Legacy 2018-04
F18,fat_g,170554,USDA FDC SR Legacy 2018-04
F18,sat_fat_g,170554,USDA FDC SR Legacy 2018-04
F18,fiber_g,170554,USDA FDC SR Legacy 2018-04
F18,sugar_g,170554,imputed (not reported in SR Legacy; approximate value kept)
F18,sodium_mg,170554,USDA FDC SR Legacy 2018-04
F18,potassium_mg,170554,USDA FDC SR Legacy 2018-04
F18,phosphorus_mg,170554,USDA FDC SR Legacy 2018-04
F18,calcium_mg,170554,USDA FDC SR Legacy 2018-04
F18,iron_mg,170554,USDA FDC SR Legacy 2018-04
F18,vitamin_k_ug,170554,imputed (not reported in SR Legacy; approximate value kept)
F19,energy_kcal,168462,USDA FDC SR Legacy 2018-04
F19,protein_g,168462,USDA FDC SR Legacy 2018-04
F19,carbs_g,168462,USDA FDC SR Legacy 2018-04
F19,fat_g,168462,USDA FDC SR Legacy 2018-04
F19,sat_fat_g,168462,USDA FDC SR Legacy 2018-04
F19,fiber_g,168462,USDA FDC SR Legacy 2018-04
F19,sugar_g,168462,USDA FDC SR Legacy 2018-04
F19,sodium_mg,168462,USDA FDC SR Legacy 2018-04
F19,potassium_mg,168462,USDA FDC SR Legacy 2018-04
F19,phosphorus_mg,168462,USDA FDC SR Legacy 2018-04
F19,calcium_mg,168462,USDA FDC SR Legacy 2018-04
F19,iron_mg,168462,USDA FDC SR Legacy 2018-04
F19,vitamin_k_ug,168462,USDA FDC SR Legacy 2018-04
F20,energy_kcal,168421,USDA FDC SR Legacy 2018-04
F20,protein_g,168421,USDA FDC SR Legacy 2018-04
F20,carbs_g,168421,USDA FDC SR Legacy 2018-04
F20,fat_g,168421,USDA FDC SR Legacy 2018-04
F20,sat_fat_g,168421,USDA FDC SR Legacy 2018-04
F20,fiber_g,168421,USDA FDC SR Legacy 2018-04
F20,sugar_g,168421,USDA FDC SR Legacy 2018-04
F20,sodium_mg,168421,USDA FDC SR Legacy 2018-04
F20,potassium_mg,168421,USDA FDC SR Legacy 2018-04
F20,phosphorus_mg,168421,USDA FDC SR Legacy 2018-04
F20,calcium_mg,168421,USDA FDC SR Legacy 2018-04
F20,iron_mg,168421,USDA FDC SR Legacy 2018-04
F20,vitamin_k_ug,168421,USDA FDC SR Legacy 2018-04
F21,energy_kcal,170379,USDA FDC SR Legacy 2018-04
F21,protein_g,170379,USDA FDC SR Legacy 2018-04
F21,carbs_g,170379,USDA FDC SR Legacy 2018-04
F21,fat_g,170379,USDA FDC SR Legacy 2018-04
F21,sat_fat_g,170379,USDA FDC SR Legacy 2018-04
F21,fiber_g,170379,USDA FDC SR Legacy 2018-04
F21,sugar_g,170379,USDA FDC SR Legacy 2018-04
F21,sodium_mg,170379,USDA FDC SR Legacy 2018-04
F21,potassium_mg,170379,USDA FDC SR Legacy 2018-04
F21,phosphorus_mg,170379,USDA FDC SR Legacy 2018-04
F21,calcium_mg,170379,USDA FDC SR Legacy 2018-04
F21,iron_mg,170379,USDA FDC SR Legacy 2018-04
F21,vitamin_k_ug,170379,USDA FDC SR Legacy 2018-04
F22,energy_kcal,170393,USDA FDC SR Legacy 2018-04
F22,protein_g,170393,USDA FDC SR Legacy 2018-04
F22,carbs_g,170393,USDA FDC SR Legacy 2018-04
F22,fat_g,170393,USDA FDC SR Legacy 2018-04
F22,sat_fat_g,170393,USDA FDC SR Legacy 2018-04
F22,fiber_g,170393,USDA FDC SR Legacy 2018-04
F22,sugar_g,170393,USDA FDC SR Legacy 2018-04
F22,sodium_mg,170393,USDA FDC SR Legacy 2018-04
F22,potassium_mg,170393,USDA FDC SR Legacy 2018-04
F22,phosphorus_mg,170393,USDA FDC SR Legacy 2018-04
F22,calcium_mg,170393,USDA FDC SR Legacy 2018-04
F22,iron_mg,170393,USDA FDC SR Legacy 2018-04
F22,vitamin_k_ug,170393,USDA FDC SR Legacy 2018-04
F23,energy_kcal,170093,USDA FDC SR Legacy 2018-04
F23,protein_g,170093,USDA FDC SR Legacy 2018-04
F23,carbs_g,170093,USDA FDC SR Legacy 2018-04
F23,fat_g,170093,USDA FDC SR Legacy 2018-04
F23,sat_fat_g,170093,USDA FDC SR Legacy 2018-04
F23,fiber_g,170093,USDA FDC SR Legacy 2018-04
F23,sugar_g,170093,USDA FDC SR Legacy 2018-04
F23,sodium_mg,170093,USDA FDC SR Legacy 2018-04
F23,potassium_mg,170093,USDA FDC SR Legacy 2018-04
F23,phosphorus_mg,170093,USDA FDC SR Legacy 2018-04
F23,calcium_mg,170093,USDA FDC SR Legacy 2018-04
F23,iron_mg,170093,USDA FDC SR Legacy 2018-04
F23,vitamin_k_ug,170093,USDA FDC SR Legacy 2018-04
F24,energy_kcal,168483,USDA FDC SR Legacy 2018-04
F24,protein_g,168483,USDA FDC SR Legacy 2018-04
F24,carbs_g,168483,USDA FDC SR Legacy 2018-04
F24,fat_g,168483,USDA FDC SR Legacy 2018-04
F24,sat_fat_g,168483,USDA FDC SR Legacy 2018-04
F24,fiber_g,168483,USDA FDC SR Legacy 2018-04
F24,sugar_g,168483,USDA FDC SR Legacy 2018-04
F24,sodium_mg,168483,USDA FDC SR Legacy 2018-04
F24,potassium_mg,168483,USDA FDC SR Legacy 2018-04
F24,phosphorus_mg,168483,USDA FDC SR Legacy 2018-04
F24,calcium_mg,168483,USDA FDC SR Legacy 2018-04
F24,iron_mg,168483,USDA FDC SR Legacy 2018-04
F24,vitamin_k_ug,168483,USDA FDC SR Legacy 2018-04
F25,energy_kcal,170000,USDA FDC SR Legacy 2018-04
F25,protein_g,170000,USDA FDC SR Legacy 2018-04
F25,carbs_g,170000,USDA FDC SR Legacy 2018-04
F25,fat_g,170000,USDA FDC SR Legacy 2018-04
F25,sat_fat_g,170000,USDA FDC SR Legacy 2018-04
F25,fiber_g,170000,USDA FDC SR Legacy 2018-04
F25,sugar_g,170000,USDA FDC SR Legacy 2018-04
F25,sodium_mg,170000,USDA FDC SR Legacy 2018-04
F25,potassium_mg,170000,USDA FDC SR Legacy 2018-04
F25,phosphorus_mg,170000,USDA FDC SR Legacy 2018-04
F25,calcium_mg,170000,USDA FDC SR Legacy 2018-04
F25,iron_mg,170000,USDA FDC SR Legacy 2018-04
F25,vitamin_k_ug,170000,USDA FDC SR Legacy 2018-04
F26,energy_kcal,170457,USDA FDC SR Legacy 2018-04
F26,protein_g,170457,USDA FDC SR Legacy 2018-04
F26,carbs_g,170457,USDA FDC SR Legacy 2018-04
F26,fat_g,170457,USDA FDC SR Legacy 2018-04
F26,sat_fat_g,170457,USDA FDC SR Legacy 2018-04
F26,fiber_g,170457,USDA FDC SR Legacy 2018-04
F26,sugar_g,170457,USDA FDC SR Legacy 2018-04
F26,sodium_mg,170457,USDA FDC SR Legacy 2018-04
F26,potassium_mg,170457,USDA FDC SR Legacy 2018-04
F26,phosphorus_mg,170457,USDA FDC SR Legacy 2018-04
F26,calcium_mg,170457,USDA FDC SR Legacy 2018-04
F26,iron_mg,170457,USDA FDC SR Legacy 2018-04
F26,vitamin_k_ug,170457,USDA FDC SR Legacy 2018-04
F27,energy_kcal,168409,USDA FDC SR Legacy 2018-04
F27,protein_g,168409,USDA FDC SR Legacy 2018-04
F27,carbs_g,168409,USDA FDC SR Legacy 2018-04
F27,fat_g,168409,USDA FDC SR Legacy 2018-04
F27,sat_fat_g,168409,USDA FDC SR Legacy 2018-04
F27,fiber_g,168409,USDA FDC SR Legacy 2018-04
F27,sugar_g,168409,USDA FDC SR Legacy 2018-04
F27,sodium_mg,168409,USDA FDC SR Legacy 2018-04
F27,potassium_mg,168409,USDA FDC SR Legacy 2018-04
F27,phosphorus_mg,168409,USDA FDC SR Legacy 2018-04
F27,calcium_mg,168409,USDA FDC SR Legacy 2018-04
F27,iron_mg,168409,USDA FDC SR Legacy 2018-04
F27,vitamin_k_ug,168409,USDA FDC SR Legacy 2018-04
F28,energy_kcal,170108,USDA FDC SR Legacy 2018-04
F28,protein_g,170108,USDA FDC SR Legacy 2018-04
F28,carbs_g,170108,USDA FDC SR Legacy 2018-04
F28,fat_g,170108,USDA FDC SR Legacy 2018-04
F28,sat_fat_g,170108,USDA FDC SR Legacy 2018-04
F28,fiber_g,170108,USDA FDC SR Legacy 2018-04
F28,sugar_g,170108,USDA FDC SR Legacy 2018-04
F28,sodium_mg,170108,USDA FDC SR Legacy 2018-04
F28,potassium_mg,170108,USDA FDC SR Legacy 2018-04
F28,phosphorus_mg,170108,USDA FDC SR Legacy 2018-04
F28,calcium_mg,170108,USDA FDC SR Legacy 2018-04
F28,iron_mg,170108,USDA FDC SR Legacy 2018-04
F28,vitamin_k_ug,170108,USDA FDC SR Legacy 2018-04
F29,energy_kcal,169986,USDA FDC SR Legacy 2018-04
F29,protein_g,169986,USDA FDC SR Legacy 2018-04
F29,carbs_g,169986,USDA FDC SR Legacy 2018-04
F29,fat_g,169986,USDA FDC SR Legacy 2018-04
F29,sat_fat_g,169986,USDA FDC SR Legacy 2018-04
F29,fiber_g,169986,USDA FDC SR Legacy 2018-04
F29,sugar_g,169986,USDA FDC SR Legacy 2018-04
F29,sodium_mg,169986,USDA FDC SR Legacy 2018-04
F29,potassium_mg,169986,USDA FDC SR Legacy 2018-04
F29,phosphorus_mg,169986,USDA FDC SR Legacy 2018-04
F29,calcium_mg,169986,USDA FDC SR Legacy 2018-04
F29,iron_mg,169986,USDA FDC SR Legacy 2018-04
F29,vitamin_k_ug,169986,USDA FDC SR Legacy 2018-04
F30,energy_kcal,170420,USDA FDC SR Legacy 2018-04
F30,protein_g,170420,USDA FDC SR Legacy 2018-04
F30,carbs_g,170420,USDA FDC SR Legacy 2018-04
F30,fat_g,170420,USDA FDC SR Legacy 2018-04
F30,sat_fat_g,170420,USDA FDC SR Legacy 2018-04
F30,fiber_g,170420,USDA FDC SR Legacy 2018-04
F30,sugar_g,170420,USDA FDC SR Legacy 2018-04
F30,sodium_mg,170420,USDA FDC SR Legacy 2018-04
F30,potassium_mg,170420,USDA FDC SR Legacy 2018-04
F30,phosphorus_mg,170420,USDA FDC SR Legacy 2018-04
F30,calcium_mg,170420,USDA FDC SR Legacy 2018-04
F30,iron_mg,170420,USDA FDC SR Legacy 2018-04
F30,vitamin_k_ug,170420,USDA FDC SR Legacy 2018-04
F31,energy_kcal,169251,USDA FDC SR Legacy 2018-04
F31,protein_g,169251,USDA FDC SR Legacy 2018-04
F31,carbs_g,169251,USDA FDC SR Legacy 2018-04
F31,fat_g,169251,USDA FDC SR Legacy 2018-04
F31,sat_fat_g,169251,USDA FDC SR Legacy 2018-04
F31,fiber_g,169251,USDA FDC SR Legacy 2018-04
F31,sugar_g,169251,USDA FDC SR Legacy 2018-04
F31,sodium_mg,169251,USDA FDC SR Legacy 2018-04
F31,potassium_mg,169251,USDA FDC SR Legacy 2018-04
F31,phosphorus_mg,169251,USDA FDC SR Legacy 2018-04
F31,calcium_mg,169251,USDA FDC SR Legacy 2018-04
F31,iron_mg,169251,USDA FDC SR Legacy 2018-04
F31,vitamin_k_ug,169251,USDA FDC SR Legacy 2018-04
F32,energy_kcal,171688,USDA FDC SR Legacy 2018-04
F32,protein_g,171688,USDA FDC SR Legacy 2018-04
F32,carbs_g,171688,USDA FDC SR Legacy 2018-04
F32,fat_g,171688,USDA FDC SR Legacy 2018-04
F32,sat_fat_g,171688,USDA FDC SR Legacy 2018-04
F32,fiber_g,171688,USDA FDC SR Legacy 2018-04
F32,sugar_g,171688,USDA FDC SR Legacy 2018-04
F32,sodium_mg,171688,USDA FDC SR Legacy 2018-04
F32,potassium_mg,171688,USDA FDC SR Legacy 2018-04
F32,phosphorus_mg,171688,USDA FDC SR Legacy 2018-04
F32,calcium_mg,171688,USDA FDC SR Legacy 2018-04
F32,iron_mg,171688,USDA FDC SR Legacy 2018-04
F32,vitamin_k_ug,171688,USDA FDC SR Legacy 2018-04
F33,energy_kcal,173944,USDA FDC SR Legacy 2018-04
F33,protein_g,173944,USDA FDC SR Legacy 2018-04
F33,carbs_g,173944,USDA FDC SR Legacy 2018-04
F33,fat_g,173944,USDA FDC SR Legacy 2018-04
F33,sat_fat_g,173944,USDA FDC SR Legacy 2018-04
F33,fiber_g,173944,USDA FDC SR Legacy 2018-04
F33,sugar_g,173944,USDA FDC SR Legacy 2018-04
F33,sodium_mg,173944,USDA FDC SR Legacy 2018-04
F33,potassium_mg,173944,USDA FDC SR Legacy 2018-04
F33,phosphorus_mg,173944,USDA FDC SR Legacy 2018-04
F33,calcium_mg,173944,USDA FDC SR Legacy 2018-04
F33,iron_mg,173944,USDA FDC SR Legacy 2018-04
F33,vitamin_k_ug,173944,USDA FDC SR Legacy 2018-04
F34,energy_kcal,169097,USDA FDC SR Legacy 2018-04
F34,protein_g,169097,USDA FDC SR Legacy 2018-04
F34,carbs_g,169097,USDA FDC SR Legacy 2018-04
F34,fat_g,169097,USDA FDC SR Legacy 2018-04
F34,sat_fat_g,169097,USDA FDC SR Legacy 2018-04
F34,fiber_g,169097,USDA FDC SR Legacy 2018-04
F34,sugar_g,169097,USDA FDC SR Legacy 2018-04
F34,sodium_mg,169097,USDA FDC SR Legacy 2018-04
F34,potassium_mg,169097,USDA FDC SR Legacy 2018-04
F34,phosphorus_mg,169097,USDA FDC SR Legacy 2018-04
F34,calcium_mg,169097,USDA FDC SR Legacy 2018-04
F34,iron_mg,169097,USDA FDC SR Legacy 2018-04
F34,vitamin_k_ug,169097,USDA FDC SR Legacy 2018-04
F35,energy_kcal,171711,USDA FDC SR Legacy 2018-04
F35,protein_g,171711,USDA FDC SR Legacy 2018-04
F35,carbs_g,171711,USDA FDC SR Legacy 2018-04
F35,fat_g,171711,USDA FDC SR Legacy 2018-04
F35,sat_fat_g,171711,USDA FDC SR Legacy 2018-04
F35,fiber_g,171711,USDA FDC SR Legacy 2018-04
F35,sugar_g,171711,USDA FDC SR Legacy 2018-04
F35,sodium_mg,171711,USDA FDC SR Legacy 2018-04
F35,potassium_mg,171711,USDA FDC SR Legacy 2018-04
F35,phosphorus_mg,171711,USDA FDC SR Legacy 2018-04
F35,calcium_mg,171711,USDA FDC SR Legacy 2018-04
F35,iron_mg,171711,USDA FDC SR Legacy 2018-04
F35,vitamin_k_ug,171711,USDA FDC SR Legacy 2018-04
F36,energy_kcal,167762,USDA FDC SR Legacy 2018-04
F36,protein_g,167762,USDA FDC SR Legacy 2018-04
F36,carbs_g,167762,USDA FDC SR Legacy 2018-04
F36,fat_g,167762,USDA FDC SR Legacy 2018-04
F36,sat_fat_g,167762,USDA FDC SR Legacy 2018-04
F36,fiber_g,167762,USDA FDC SR Legacy 2018-04
F36,sugar_g,167762,USDA FDC SR Legacy 2018-04
F36,sodium_mg,167762,USDA FDC SR Legacy 2018-04
F36,potassium_mg,167762,USDA FDC SR Legacy 2018-04
F36,phosphorus_mg,167762,USDA FDC SR Legacy 2018-04
F36,calcium_mg,167762,USDA FDC SR Legacy 2018-04
F36,iron_mg,167762,USDA FDC SR Legacy 2018-04
F36,vitamin_k_ug,167762,USDA FDC SR Legacy 2018-04
F37,energy_kcal,171705,USDA FDC SR Legacy 2018-04
F37,protein_g,171705,USDA FDC SR Legacy 2018-04
F37,carbs_g,171705,USDA FDC SR Legacy 2018-04
F37,fat_g,171705,USDA FDC SR Legacy 2018-04
F37,sat_fat_g,171705,USDA FDC SR Legacy 2018-04
F37,fiber_g,171705,USDA FDC SR Legacy 2018-04
F37,sugar_g,171705,USDA FDC SR Legacy 2018-04
F37,sodium_mg,171705,USDA FDC SR Legacy 2018-04
F37,potassium_mg,171705,USDA FDC SR Legacy 2018-04
F37,phosphorus_mg,171705,USDA FDC SR Legacy 2018-04
F37,calcium_mg,171705,USDA FDC SR Legacy 2018-04
F37,iron_mg,171705,USDA FDC SR Legacy 2018-04
F37,vitamin_k_ug,171705,USDA FDC SR Legacy 2018-04
F38,energy_kcal,171267,USDA FDC SR Legacy 2018-04
F38,protein_g,171267,USDA FDC SR Legacy 2018-04
F38,carbs_g,171267,USDA FDC SR Legacy 2018-04
F38,fat_g,171267,USDA FDC SR Legacy 2018-04
F38,sat_fat_g,171267,USDA FDC SR Legacy 2018-04
F38,fiber_g,171267,USDA FDC SR Legacy 2018-04
F38,sugar_g,171267,USDA FDC SR Legacy 2018-04
F38,sodium_mg,171267,USDA FDC SR Legacy 2018-04
F38,potassium_mg,171267,USDA FDC SR Legacy 2018-04
F38,phosphorus_mg,171267,USDA FDC SR Legacy 2018-04
F38,calcium_mg,171267,USDA FDC SR Legacy 2018-04
F38,iron_mg,171267,USDA FDC SR Legacy 2018-04
F38,vitamin_k_ug,171267,USDA FDC SR Legacy 2018-04
F39,energy_kcal,170894,USDA FDC SR Legacy 2018-04
F39,protein_g,170894,USDA FDC SR Legacy 2018-04
F39,carbs_g,170894,USDA FDC SR Legacy 2018-04
F39,fat_g,170894,USDA FDC SR Legacy 2018-04
F39,sat_fat_g,170894,USDA FDC SR Legacy 2018-04
F39,fiber_g,170894,USDA FDC SR Legacy 2018-04
F39,sugar_g,170894,USDA FDC SR Legacy 2018-04
F39,sodium_mg,170894,USDA FDC SR Legacy 2018-04
F39,potassium_mg,170894,USDA FDC SR Legacy 2018-04
F39,phosphorus_mg,170894,USDA FDC SR Legacy 2018-04
F39,calcium_mg,170894,USDA FDC SR Legacy 2018-04
F39,iron_mg,170894,USDA FDC SR Legacy 2018-04
F39,vitamin_k_ug,170894,USDA FDC SR Legacy 2018-04
F40,energy_kcal,173414,USDA FDC SR Legacy 2018-04
F40,protein_g,173414,USDA FDC SR Legacy 2018-04
F40,carbs_g,173414,USDA FDC SR Legacy 2018-04
F40,fat_g,173414,USDA FDC SR Legacy 2018-04
F40,sat_fat_g,173414,USDA FDC SR Legacy 2018-04
F40,fiber_g,173414,USDA FDC SR Legacy 2018-04
F40,sugar_g,173414,USDA FDC SR Legacy 2018-04
F40,sodium_mg,173414,USDA FDC SR Legacy 2018-04
F40,potassium_mg,173414,USDA FDC SR Legacy 2018-04
F40,phosphorus_mg,173414,USDA FDC SR Legacy 2018-04
F40,calcium_mg,173414,USDA FDC SR Legacy 2018-04
F40,iron_mg,173414,USDA FDC SR Legacy 2018-04
F40,vitamin_k_ug,173414,USDA FDC SR Legacy 2018-04
F41,energy_kcal,172182,USDA FDC SR Legacy 2018-04
F41,protein_g,172182,USDA FDC SR Legacy 2018-04
F41,carbs_g,172182,USDA FDC SR Legacy 2018-04
F41,fat_g,172182,USDA FDC SR Legacy 2018-04
F41,sat_fat_g,172182,USDA FDC SR Legacy 2018-04
F41,fiber_g,172182,USDA FDC SR Legacy 2018-04
F41,sugar_g,172182,USDA FDC SR Legacy 2018-04
F41,sodium_mg,172182,USDA FDC SR Legacy 2018-04
F41,potassium_mg,172182,USDA FDC SR Legacy 2018-04
F41,phosphorus_mg,172182,USDA FDC SR Legacy 2018-04
F41,calcium_mg,172182,USDA FDC SR Legacy 2018-04
F41,iron_mg,172182,USDA FDC SR Legacy 2018-04
F41,vitamin_k_ug,172182,USDA FDC SR Legacy 2018-04
F42,energy_kcal,170848,USDA FDC SR Legacy 2018-04
F42,protein_g,170848,USDA FDC SR Legacy 2018-04
F42,carbs_g,170848,USDA FDC SR Legacy 2018-04
F42,fat_g,170848,USDA FDC SR Legacy 2018-04
F42,sat_fat_g,170848,USDA FDC SR Legacy 2018-04
F42,fiber_g,170848,USDA FDC SR Legacy 2018-04
F42,sugar_g,170848,USDA FDC SR Legacy 2018-04
F42,sodium_mg,170848,USDA FDC SR Legacy 2018-04
F42,potassium_mg,170848,USDA FDC SR Legacy 2018-04
F42,phosphorus_mg,170848,USDA FDC SR Legacy 2018-04
F42,calcium_mg,170848,USDA FDC SR Legacy 2018-04
F42,iron_mg,170848,USDA FDC SR Legacy 2018-04
F42,vitamin_k_ug,170848,USDA FDC SR Legacy 2018-04
F43,energy_kcal,173424,USDA FDC SR Legacy 2018-04
F43,protein_g,173424,USDA FDC SR Legacy 2018-04
F43,carbs_g,173424,USDA FDC SR Legacy 2018-04
F43,fat_g,173424,USDA FDC SR Legacy 2018-04
F43,sat_fat_g,173424,USDA FDC SR Legacy 2018-04
F43,fiber_g,173424,USDA FDC SR Legacy 2018-04
F43,sugar_g,173424,USDA FDC SR Legacy 2018-04
F43,sodium_mg,173424,USDA FDC SR Legacy 2018-04
F43,potassium_mg,173424,USDA FDC SR Legacy 2018-04
F43,phosphorus_mg,173424,USDA FDC SR Legacy 2018-04
F43,calcium_mg,173424,USDA FDC SR Legacy 2018-04
F43,iron_mg,173424,USDA FDC SR Legacy 2018-04
F43,vitamin_k_ug,173424,USDA FDC SR Legacy 2018-04
F44,energy_kcal,171477,USDA FDC SR Legacy 2018-04
F44,protein_g,171477,USDA FDC SR Legacy 2018-04
F44,carbs_g,171477,USDA FDC SR Legacy 2018-04
F44,fat_g,171477,USDA FDC SR Legacy 2018-04
F44,sat_fat_g,171477,USDA FDC SR Legacy 2018-04
F44,fiber_g,171477,USDA FDC SR Legacy 2018-04
F44,sugar_g,171477,USDA FDC SR Legacy 2018-04
F44,sodium_mg,171477,USDA FDC SR Legacy 2018-04
F44,potassium_mg,171477,USDA FDC SR Legacy 2018-04
F44,phosphorus_mg,171477,USDA FDC SR Legacy 2018-04
F44,calcium_mg,171477,USDA FDC SR Legacy 2018-04
F44,iron_mg,171477,USDA FDC SR Legacy 2018-04
F44,vitamin_k_ug,171477,USDA FDC SR Legacy 2018-04
F45,energy_kcal,171496,USDA FDC SR Legacy 2018-04
F45,protein_g,171496,USDA FDC SR Legacy 2018-04
F45,carbs_g,171496,USDA FDC SR Legacy 2018-04
F45,fat_g,171496,USDA FDC SR Legacy 2018-04
F45,sat_fat_g,171496,USDA FDC SR Legacy 2018-04
F45,fiber_g,171496,USDA FDC SR Legacy 2018-04
F45,sugar_g,171496,USDA FDC SR Legacy 2018-04
F45,sodium_mg,171496,USDA FDC SR Legacy 2018-04
F45,potassium_mg,171496,USDA FDC SR Legacy 2018-04
F45,phosphorus_mg,171496,USDA FDC SR Legacy 2018-04
F45,calcium_mg,171496,USDA FDC SR Legacy 2018-04
F45,iron_mg,171496,USDA FDC SR Legacy 2018-04
F45,vitamin_k_ug,171496,USDA FDC SR Legacy 2018-04
F46,energy_kcal,174028,USDA FDC SR Legacy 2018-04
F46,protein_g,174028,USDA FDC SR Legacy 2018-04
F46,carbs_g,174028,USDA FDC SR Legacy 2018-04
F46,fat_g,174028,USDA FDC SR Legacy 2018-04
F46,sat_fat_g,174028,USDA FDC SR Legacy 2018-04
F46,fiber_g,174028,USDA FDC SR Legacy 2018-04
F46,sugar_g,174028,USDA FDC SR Legacy 2018-04
F46,sodium_mg,174028,USDA FDC SR Legacy 2018-04
F46,potassium_mg,174028,USDA FDC SR Legacy 2018-04
F46,phosphorus_mg,174028,USDA FDC SR Legacy 2018-04
F46,calcium_mg,174028,USDA FDC SR Legacy 2018-04
F46,iron_mg,174028,USDA FDC SR Legacy 2018-04
F46,vitamin_k_ug,174028,USDA FDC SR Legacy 2018-04
F47,energy_kcal,175168,USDA FDC SR Legacy 2018-04
F47,protein_g,175168,USDA FDC SR Legacy 2018-04
F47,carbs_g,175168,USDA FDC SR Legacy 2018-04
F47,fat_g,175168,USDA FDC SR Legacy 2018-04
F47,sat_fat_g,175168,USDA FDC SR Legacy 2018-04
F47,fiber_g,175168,USDA FDC SR Legacy 2018-04
F47,sugar_g,175168,USDA FDC SR Legacy 2018-04
F47,sodium_mg,175168,USDA FDC SR Legacy 2018-04
F47,potassium_mg,175168,USDA FDC SR Legacy 2018-04
F47,phosphorus_mg,175168,USDA FDC SR Legacy 2018-04
F47,calcium_mg,175168,USDA FDC SR Legacy 2018-04
F47,iron_mg,175168,USDA FDC SR Legacy 2018-04
F47,vitamin_k_ug,175168,USDA FDC SR Legacy 2018-04
F48,energy_kcal,173709,USDA FDC SR Legacy 2018-04
F48,protein_g,173709,USDA FDC SR Legacy 2018-04
F48,carbs_g,173709,USDA FDC SR Legacy 2018-04
F48,fat_g,173709,USDA FDC SR Legacy 2018-04
F48,sat_fat_g,173709,USDA FDC SR Legacy 2018-04
F48,fiber_g,173709,USDA FDC SR Legacy 2018-04
F48,sugar_g,173709,USDA FDC SR Legacy 2018-04
F48,sodium_mg,173709,USDA FDC SR Legacy 2018-04
F48,potassium_mg,173709,USDA FDC SR Legacy 2018-04
F48,phosphorus_mg,173709,USDA FDC SR Legacy 2018-04
F48,calcium_mg,173709,USDA FDC SR Legacy 2018-04
F48,iron_mg,173709,USDA FDC SR Legacy 2018-04
F48,vitamin_k_ug,173709,USDA FDC SR Legacy 2018-04
F49,energy_kcal,171956,USDA FDC SR Legacy 2018-04
F49,protein_g,171956,USDA FDC SR Legacy 2018-04
F49,carbs_g,171956,USDA FDC SR Legacy 2018-04
F49,fat_g,171956,USDA FDC SR Legacy 2018-04
F49,sat_fat_g,171956,USDA FDC SR Legacy 2018-04
F49,fiber_g,171956,USDA FDC SR Legacy 2018-04
F49,sugar_g,171956,USDA FDC SR Legacy 2018-04
F49,sodium_mg,171956,USDA FDC SR Legacy 2018-04
F49,potassium_mg,171956,USDA FDC SR Legacy 2018-04
F49,phosphorus_mg,171956,USDA FDC SR Legacy 2018-04
F49,calcium_mg,171956,USDA FDC SR Legacy 2018-04
F49,iron_mg,171956,USDA FDC SR Legacy 2018-04
F49,vitamin_k_ug,171956,USDA FDC SR Legacy 2018-04
F50,energy_kcal,171413,USDA FDC SR Legacy 2018-04
F50,protein_g,171413,USDA FDC SR Legacy 2018-04
F50,carbs_g,171413,USDA FDC SR Legacy 2018-04
F50,fat_g,171413,USDA FDC SR Legacy 2018-04
F50,sat_fat_g,171413,USDA FDC SR Legacy 2018-04
F50,fiber_g,171413,USDA FDC SR Legacy 2018-04
F50,sugar_g,171413,USDA FDC SR Legacy 2018-04
F50,sodium_mg,171413,USDA FDC SR Legacy 2018-04
F50,potassium_mg,171413,USDA FDC SR Legacy 2018-04
F50,phosphorus_mg,171413,USDA FDC SR Legacy 2018-04
F50,calcium_mg,171413,USDA FDC SR Legacy 2018-04
F50,iron_mg,171413,USDA FDC SR Legacy 2018-04
F50,vitamin_k_ug,171413,USDA FDC SR Legacy 2018-04
