profile,tier,system,expect_infeasible,status,flagged_infeasible,detection_correct,semantic_violations,violation_details,ul_violations,energy_ok,shortfall,n_foods,proven_optimal,cost,solve_ms,n_exclusions,n_rows
p01_healthy_f,T1,table_tags,False,optimal,False,True,0,,0,True,0.0,5,True,5.5,1065.0,0,5
p01_healthy_f,T1,kg_no_hierarchy,False,optimal,False,True,0,,0,True,0.0,5,True,5.5,1047.3,0,5
p01_healthy_f,T1,kg_no_clinical,False,optimal,False,True,0,,0,True,0.0,5,True,5.5,1001.4,0,5
p01_healthy_f,T1,kg_full,False,optimal,False,True,0,,0,True,0.0,5,True,5.5,1095.5,0,5
p02_high_protein_m,T1,table_tags,False,optimal,False,True,0,,0,True,0.0,6,True,6.01,1113.5,0,6
p02_high_protein_m,T1,kg_no_hierarchy,False,optimal,False,True,0,,0,True,0.0,6,True,6.01,1005.0,0,6
p02_high_protein_m,T1,kg_no_clinical,False,optimal,False,True,0,,0,True,0.0,6,True,6.01,1063.5,0,6
p02_high_protein_m,T1,kg_full,False,optimal,False,True,0,,0,True,0.0,6,True,6.01,1127.3,0,6
p03_tree_nut_allergy,T2,table_tags,False,optimal,False,True,1,Almonds: allergy tree_nut,0,True,0.0,5,True,6.11,941.6,0,5
p03_tree_nut_allergy,T2,kg_no_hierarchy,False,optimal,False,True,1,Almonds: allergy tree_nut,0,True,0.0,5,True,6.11,1036.5,0,5
p03_tree_nut_allergy,T2,kg_no_clinical,False,optimal,False,True,0,,0,True,0.0,5,True,5.55,912.2,3,5
p03_tree_nut_allergy,T2,kg_full,False,optimal,False,True,0,,0,True,0.0,5,True,5.55,884.9,3,5
p04_t2dm,T2,table_tags,False,optimal,False,True,0,,0,True,0.0,6,True,4.88,1632.8,0,5
p04_t2dm,T2,kg_no_hierarchy,False,optimal,False,True,0,,0,True,0.0,6,True,4.88,1082.6,0,9
p04_t2dm,T2,kg_no_clinical,False,optimal,False,True,0,,0,True,0.0,6,True,4.88,1634.4,0,5
p04_t2dm,T2,kg_full,False,optimal,False,True,0,,0,True,0.0,6,True,4.88,1121.4,0,9
p05_vegan,T2,table_tags,False,optimal,False,True,0,,0,True,0.0,5,True,5.5,1017.4,0,5
p05_vegan,T2,kg_no_hierarchy,False,optimal,False,True,0,,0,True,0.0,5,True,5.5,974.9,0,5
p05_vegan,T2,kg_no_clinical,False,optimal,False,True,0,,0,True,0.0,5,True,5.5,753.6,12,5
p05_vegan,T2,kg_full,False,optimal,False,True,0,,0,True,0.0,5,True,5.5,758.2,12,5
p06_warfarin,T2,table_tags,False,optimal,False,True,1,warfarin STABLE vitamin_k_ug 90-150 (plan: 654.16),0,True,0.0,6,True,4.88,1819.5,0,5
p06_warfarin,T2,kg_no_hierarchy,False,optimal,False,True,0,,0,True,0.0,6,True,5.91,1702.2,0,7
p06_warfarin,T2,kg_no_clinical,False,optimal,False,True,1,warfarin STABLE vitamin_k_ug 90-150 (plan: 654.16),0,True,0.0,6,True,4.88,1663.4,0,5
p06_warfarin,T2,kg_full,False,optimal,False,True,0,,0,True,0.0,6,True,5.91,1598.2,0,7
p07_t2dm_htn_treenut,T3,table_tags,False,optimal,False,True,1,hypertension REQUIRES potassium_mg 3500 per_day (plan: 2684.4),0,True,0.0,5,True,5.5,1411.8,0,5
p07_t2dm_htn_treenut,T3,kg_no_hierarchy,False,optimal,False,True,0,,0,True,0.0,6,True,4.62,5262.4,0,12
p07_t2dm_htn_treenut,T3,kg_no_clinical,False,optimal,False,True,1,hypertension REQUIRES potassium_mg 3500 per_day (plan: 2684.4),0,True,0.0,5,True,5.5,844.1,3,5
p07_t2dm_htn_treenut,T3,kg_full,False,optimal,False,True,0,,0,True,0.0,6,True,4.62,5107.8,3,12
p08_jain_ckd3,T3,table_tags,False,optimal,False,True,3,ckd3 LIMITS protein_g 0.8 per_kg (plan: 111.52) | ckd3 LIMITS potassium_mg 2000 per_day (plan: 3352) | ckd3 LIMITS phosphorus_mg 1000 per_day (plan: 1912.8),0,True,0.0,5,True,4.83,1300.8,0,5
p08_jain_ckd3,T3,kg_no_hierarchy,False,optimal,False,True,0,,0,True,0.0385,9,False,5.42,20019.6,8,9
p08_jain_ckd3,T3,kg_no_clinical,False,optimal,False,True,3,ckd3 LIMITS protein_g 0.8 per_kg (plan: 78.67) | ckd3 LIMITS potassium_mg 2000 per_day (plan: 2658.3) | ckd3 LIMITS phosphorus_mg 1000 per_day (plan: 1185.5),0,True,0.0,5,True,4.85,1338.7,11,5
p08_jain_ckd3,T3,kg_full,False,optimal,False,True,0,,0,True,0.0385,9,False,5.42,20013.9,11,9
p09_maoi_t2dm_fish,T3,table_tags,False,optimal,False,True,0,,0,True,0.0,6,True,5.47,1305.9,0,5
p09_maoi_t2dm_fish,T3,kg_no_hierarchy,False,optimal,False,True,0,,0,True,0.0,6,True,5.47,1646.3,2,9
p09_maoi_t2dm_fish,T3,kg_no_clinical,False,optimal,False,True,0,,0,True,0.0,6,True,5.47,998.2,3,5
p09_maoi_t2dm_fish,T3,kg_full,False,optimal,False,True,0,,0,True,0.0,6,True,5.47,1381.4,5,9
p10_htn_ckd3_conflict,T4,table_tags,True,optimal,False,False,3,ckd3 LIMITS protein_g 0.8 per_kg (plan: 78.36) | ckd3 LIMITS potassium_mg 2000 per_day (plan: 3802.8) | ckd3 LIMITS phosphorus_mg 1000 per_day (plan: 1628.7),0,True,0.0,6,True,4.39,4660.3,0,5
p10_htn_ckd3_conflict,T4,kg_no_hierarchy,True,infeasible_relaxed,True,True,1,hypertension REQUIRES potassium_mg 3500 per_day (plan: 2006.26),0,True,0.1801,8,True,7.09,332.0,0,12
p10_htn_ckd3_conflict,T4,kg_no_clinical,True,optimal,False,False,3,ckd3 LIMITS protein_g 0.8 per_kg (plan: 78.36) | ckd3 LIMITS potassium_mg 2000 per_day (plan: 3802.8) | ckd3 LIMITS phosphorus_mg 1000 per_day (plan: 1628.7),0,True,0.0,6,True,4.39,4734.2,0,5
p10_htn_ckd3_conflict,T4,kg_full,True,infeasible_relaxed,True,True,1,hypertension REQUIRES potassium_mg 3500 per_day (plan: 2006.26),0,True,0.1801,8,True,7.09,328.3,0,12
p11_ckd3_high_protein_conflict,T4,table_tags,True,optimal,False,False,3,ckd3 LIMITS protein_g 0.8 per_kg (plan: 130.39) | ckd3 LIMITS potassium_mg 2000 per_day (plan: 3544.5) | ckd3 LIMITS phosphorus_mg 1000 per_day (plan: 2354.7),0,True,0.0,6,True,6.12,1275.2,0,6
p11_ckd3_high_protein_conflict,T4,kg_no_hierarchy,True,infeasible_relaxed,True,True,0,,0,True,0.3058,10,True,8.0,2559.0,0,10
p11_ckd3_high_protein_conflict,T4,kg_no_clinical,True,optimal,False,False,3,ckd3 LIMITS protein_g 0.8 per_kg (plan: 130.39) | ckd3 LIMITS potassium_mg 2000 per_day (plan: 3544.5) | ckd3 LIMITS phosphorus_mg 1000 per_day (plan: 2354.7),0,True,0.0,6,True,6.12,1297.0,0,6
p11_ckd3_high_protein_conflict,T4,kg_full,True,infeasible_relaxed,True,True,0,,0,True,0.3058,10,True,8.0,2419.8,0,10
