profile,tier,system,expect_infeasible,status,no_plan,flagged_infeasible,detection_correct,semantic_violations,violation_details,rule_precision,rule_recall,rule_f1,false_rules,missed_rules,ul_violations,energy_ok,shortfall,n_foods,proven_optimal,cost,solve_ms,n_exclusions,n_rows
v2_001_T1,T1,llmn_like,False,optimal,False,False,True,0,,1.0,1.0,1.0,,,0,True,0.0,7,False,3.51,10032.2,0,5
v2_001_T1,T1,flat_table,False,optimal,False,False,True,0,,1.0,1.0,1.0,,,0,True,0.0,7,False,3.51,10027.4,0,5
v2_001_T1,T1,kg_no_hierarchy,False,optimal,False,False,True,0,,1.0,1.0,1.0,,,0,True,0.0,7,False,3.51,10028.7,0,5
v2_001_T1,T1,kg_no_context,False,optimal,False,False,True,0,,1.0,1.0,1.0,,,0,True,0.0,7,False,3.51,10028.7,0,5
v2_001_T1,T1,kg_full,False,optimal,False,False,True,0,,1.0,1.0,1.0,,,0,True,0.0,7,False,3.51,10047.9,0,5
v2_002_T1,T1,llmn_like,False,optimal,False,False,True,0,,1.0,1.0,1.0,,,0,True,0.0,5,True,4.72,2657.4,0,6
v2_002_T1,T1,flat_table,False,optimal,False,False,True,0,,1.0,1.0,1.0,,,0,True,0.0,5,True,4.72,2601.2,0,6
v2_002_T1,T1,kg_no_hierarchy,False,optimal,False,False,True,0,,1.0,1.0,1.0,,,0,True,0.0,5,True,4.72,2672.9,0,6
v2_002_T1,T1,kg_no_context,False,optimal,False,False,True,0,,1.0,1.0,1.0,,,0,True,0.0,5,True,4.72,2512.1,0,6
v2_002_T1,T1,kg_full,False,optimal,False,False,True,0,,1.0,1.0,1.0,,,0,True,0.0,5,True,4.72,2536.3,0,6
v2_003_T1,T1,llmn_like,False,optimal,False,False,True,0,,1.0,1.0,1.0,,,0,True,0.0,5,True,5.97,1946.4,0,5
v2_003_T1,T1,flat_table,False,optimal,False,False,True,0,,1.0,1.0,1.0,,,0,True,0.0,5,True,5.97,2168.2,0,5
v2_003_T1,T1,kg_no_hierarchy,False,optimal,False,False,True,0,,1.0,1.0,1.0,,,0,True,0.0,5,True,5.97,1943.9,0,5
v2_003_T1,T1,kg_no_context,False,optimal,False,False,True,0,,1.0,1.0,1.0,,,0,True,0.0,5,True,5.97,2024.8,0,5
v2_003_T1,T1,kg_full,False,optimal,False,False,True,0,,1.0,1.0,1.0,,,0,True,0.0,5,True,5.97,2088.1,0,5
v2_004_T1,T1,llmn_like,False,optimal,False,False,True,0,,1.0,1.0,1.0,,,0,True,0.0,5,True,5.97,1663.3,0,6
v2_004_T1,T1,flat_table,False,optimal,False,False,True,0,,1.0,1.0,1.0,,,0,True,0.0,5,True,5.97,1603.5,0,6
v2_004_T1,T1,kg_no_hierarchy,False,optimal,False,False,True,0,,1.0,1.0,1.0,,,0,True,0.0,5,True,5.97,1611.9,0,6
v2_004_T1,T1,kg_no_context,False,optimal,False,False,True,0,,1.0,1.0,1.0,,,0,True,0.0,5,True,5.97,1657.1,0,6
v2_004_T1,T1,kg_full,False,optimal,False,False,True,0,,1.0,1.0,1.0,,,0,True,0.0,5,True,5.97,1534.0,0,6
v2_005_T1,T1,llmn_like,False,optimal,False,False,True,0,,1.0,1.0,1.0,,,0,True,0.0,5,True,4.45,3473.3,0,5
v2_005_T1,T1,flat_table,False,optimal,False,False,True,0,,1.0,1.0,1.0,,,0,True,0.0,5,True,4.45,3203.8,0,5
v2_005_T1,T1,kg_no_hierarchy,False,optimal,False,False,True,0,,1.0,1.0,1.0,,,0,True,0.0,5,True,4.45,3075.0,0,5
v2_005_T1,T1,kg_no_context,False,optimal,False,False,True,0,,1.0,1.0,1.0,,,0,True,0.0,5,True,4.45,3136.7,0,5
v2_005_T1,T1,kg_full,False,optimal,False,False,True,0,,1.0,1.0,1.0,,,0,True,0.0,5,True,4.45,3610.0,0,5
v2_006_T1,T1,llmn_like,False,optimal,False,False,True,0,,1.0,1.0,1.0,,,0,True,0.0,8,True,3.93,2917.3,0,6
v2_006_T1,T1,flat_table,False,optimal,False,False,True,0,,1.0,1.0,1.0,,,0,True,0.0,8,True,3.93,2863.3,0,6
v2_006_T1,T1,kg_no_hierarchy,False,optimal,False,False,True,0,,1.0,1.0,1.0,,,0,True,0.0,8,True,3.93,2993.6,0,6
v2_006_T1,T1,kg_no_context,False,optimal,False,False,True,0,,1.0,1.0,1.0,,,0,True,0.0,8,True,3.93,2689.5,0,6
v2_006_T1,T1,kg_full,False,optimal,False,False,True,0,,1.0,1.0,1.0,,,0,True,0.0,8,True,3.93,2845.5,0,6
v2_007_T1,T1,llmn_like,False,optimal,False,False,True,0,,1.0,1.0,1.0,,,0,True,0.0,9,False,4.09,10027.1,0,5
v2_007_T1,T1,flat_table,False,optimal,False,False,True,0,,1.0,1.0,1.0,,,0,True,0.0,9,False,4.09,10022.5,0,5
v2_007_T1,T1,kg_no_hierarchy,False,optimal,False,False,True,0,,1.0,1.0,1.0,,,0,True,0.0,9,False,4.09,10039.1,0,5
v2_007_T1,T1,kg_no_context,False,optimal,False,False,True,0,,1.0,1.0,1.0,,,0,True,0.0,9,False,4.09,10025.5,0,5
v2_007_T1,T1,kg_full,False,optimal,False,False,True,0,,1.0,1.0,1.0,,,0,True,0.0,9,False,4.09,10026.3,0,5
v2_008_T1,T1,llmn_like,False,optimal,False,False,True,0,,1.0,1.0,1.0,,,0,True,0.0,8,True,3.93,2859.8,0,6
v2_008_T1,T1,flat_table,False,optimal,False,False,True,0,,1.0,1.0,1.0,,,0,True,0.0,8,True,3.93,2832.2,0,6
v2_008_T1,T1,kg_no_hierarchy,False,optimal,False,False,True,0,,1.0,1.0,1.0,,,0,True,0.0,8,True,3.93,2747.1,0,6
v2_008_T1,T1,kg_no_context,False,optimal,False,False,True,0,,1.0,1.0,1.0,,,0,True,0.0,8,True,3.93,3055.7,0,6
v2_008_T1,T1,kg_full,False,optimal,False,False,True,0,,1.0,1.0,1.0,,,0,True,0.0,8,True,3.93,2908.8,0,6
v2_009_T1,T1,llmn_like,False,optimal,False,False,True,0,,1.0,1.0,1.0,,,0,True,0.0,8,False,3.52,10023.7,0,5
v2_009_T1,T1,flat_table,False,optimal,False,False,True,0,,1.0,1.0,1.0,,,0,True,0.0,8,False,3.52,10023.7,0,5
v2_009_T1,T1,kg_no_hierarchy,False,optimal,False,False,True,0,,1.0,1.0,1.0,,,0,True,0.0,8,False,3.52,10028.3,0,5
v2_009_T1,T1,kg_no_context,False,optimal,False,False,True,0,,1.0,1.0,1.0,,,0,True,0.0,8,False,3.52,10029.8,0,5
v2_009_T1,T1,kg_full,False,optimal,False,False,True,0,,1.0,1.0,1.0,,,0,True,0.0,8,False,3.52,10038.0,0,5
v2_010_T1,T1,llmn_like,False,optimal,False,False,True,0,,1.0,1.0,1.0,,,0,True,0.0,5,True,6.05,780.1,0,6
v2_010_T1,T1,flat_table,False,optimal,False,False,True,0,,1.0,1.0,1.0,,,0,True,0.0,5,True,6.05,835.6,0,6
v2_010_T1,T1,kg_no_hierarchy,False,optimal,False,False,True,0,,1.0,1.0,1.0,,,0,True,0.0,5,True,6.05,834.9,0,6
v2_010_T1,T1,kg_no_context,False,optimal,False,False,True,0,,1.0,1.0,1.0,,,0,True,0.0,5,True,6.05,802.8,0,6
v2_010_T1,T1,kg_full,False,optimal,False,False,True,0,,1.0,1.0,1.0,,,0,True,0.0,5,True,6.05,751.1,0,6
v2_011_T2,T2,llmn_like,False,optimal,False,False,True,0,,1.0,0.0,0.0,,"('exclude', 'F14') | ('exclude', 'F15') | ('exclude', 'F16')",0,True,0.0,9,True,4.47,1199.5,0,5
v2_011_T2,T2,flat_table,False,optimal,False,False,True,0,,1.0,0.0,0.0,,"('exclude', 'F14') | ('exclude', 'F15') | ('exclude', 'F16')",0,True,0.0,9,True,4.47,1161.2,0,5
v2_011_T2,T2,kg_no_hierarchy,False,optimal,False,False,True,0,,1.0,0.0,0.0,,"('exclude', 'F14') | ('exclude', 'F15') | ('exclude', 'F16')",0,True,0.0,9,True,4.47,1251.7,0,5
v2_011_T2,T2,kg_no_context,False,optimal,False,False,True,0,,1.0,1.0,1.0,,,0,True,0.0,9,True,4.47,1450.1,3,5
v2_011_T2,T2,kg_full,False,optimal,False,False,True,0,,1.0,1.0,1.0,,,0,True,0.0,9,True,4.47,1458.8,3,5
v2_012_T2,T2,llmn_like,False,optimal,False,False,True,0,,1.0,0.0,0.0,,"('exclude', 'F14') | ('exclude', 'F15') | ('exclude', 'F16')",0,True,0.0,8,True,4.24,904.9,0,5
v2_012_T2,T2,flat_table,False,optimal,False,False,True,0,,1.0,0.0,0.0,,"('exclude', 'F14') | ('exclude', 'F15') | ('exclude', 'F16')",0,True,0.0,8,True,4.24,755.7,0,5
v2_012_T2,T2,kg_no_hierarchy,False,optimal,False,False,True,0,,1.0,0.0,0.0,,"('exclude', 'F14') | ('exclude', 'F15') | ('exclude', 'F16')",0,True,0.0,8,True,4.24,813.2,0,5
v2_012_T2,T2,kg_no_context,False,optimal,False,False,True,0,,1.0,1.0,1.0,,,0,True,0.0,8,True,4.24,1196.7,3,5
v2_012_T2,T2,kg_full,False,optimal,False,False,True,0,,1.0,1.0,1.0,,,0,True,0.0,8,True,4.24,1296.3,3,5
v2_013_T2,T2,llmn_like,False,optimal,False,False,True,0,,1.0,0.0,0.0,,"('exclude', 'F47') | ('exclude', 'F48') | ('exclude', 'F49')",0,True,0.0,7,True,5.51,40.6,0,5
v2_013_T2,T2,flat_table,False,optimal,False,False,True,0,,1.0,0.0,0.0,,"('exclude', 'F47') | ('exclude', 'F48') | ('exclude', 'F49')",0,True,0.0,7,True,5.51,34.9,0,5
v2_013_T2,T2,kg_no_hierarchy,False,optimal,False,False,True,0,,1.0,0.0,0.0,,"('exclude', 'F47') | ('exclude', 'F48') | ('exclude', 'F49')",0,True,0.0,7,True,5.51,33.9,0,5
v2_013_T2,T2,kg_no_context,False,optimal,False,False,True,0,,1.0,1.0,1.0,,,0,True,0.0,6,True,6.17,415.9,3,5
v2_013_T2,T2,kg_full,False,optimal,False,False,True,0,,1.0,1.0,1.0,,,0,True,0.0,6,True,6.17,443.7,3,5
v2_014_T2,T2,llmn_like,False,optimal,False,False,True,0,,1.0,0.0,0.0,,"('exclude', 'F47') | ('exclude', 'F48') | ('exclude', 'F49')",0,True,0.0,10,True,4.09,1514.5,0,5
v2_014_T2,T2,flat_table,False,optimal,False,False,True,0,,1.0,0.0,0.0,,"('exclude', 'F47') | ('exclude', 'F48') | ('exclude', 'F49')",0,True,0.0,10,True,4.09,1417.5,0,5
v2_014_T2,T2,kg_no_hierarchy,False,optimal,False,False,True,0,,1.0,0.0,0.0,,"('exclude', 'F47') | ('exclude', 'F48') | ('exclude', 'F49')",0,True,0.0,10,True,4.09,1440.0,0,5
v2_014_T2,T2,kg_no_context,False,optimal,False,False,True,0,,1.0,1.0,1.0,,,0,True,0.0,9,True,4.13,1344.8,3,5
v2_014_T2,T2,kg_full,False,optimal,False,False,True,0,,1.0,1.0,1.0,,,0,True,0.0,9,True,4.13,1255.1,3,5
v2_015_T2,T2,llmn_like,False,optimal,False,False,True,0,,1.0,1.0,1.0,,,0,True,0.0,6,True,6.17,292.0,5,5
v2_015_T2,T2,flat_table,False,optimal,False,False,True,0,,1.0,1.0,1.0,,,0,True,0.0,6,True,6.17,255.7,5,5
v2_015_T2,T2,kg_no_hierarchy,False,optimal,False,False,True,0,,1.0,1.0,1.0,,,0,True,0.0,6,True,6.17,255.7,5,5
v2_015_T2,T2,kg_no_context,False,optimal,False,False,True,0,,1.0,1.0,1.0,,,0,True,0.0,6,True,6.17,277.6,5,5
v2_015_T2,T2,kg_full,False,optimal,False,False,True,0,,1.0,1.0,1.0,,,0,True,0.0,6,True,6.17,310.4,5,5
v2_016_T2,T2,llmn_like,False,optimal,False,False,True,0,,1.0,1.0,1.0,,,0,True,0.0,6,True,6.09,184.1,5,5
v2_016_T2,T2,flat_table,False,optimal,False,False,True,0,,1.0,1.0,1.0,,,0,True,0.0,6,True,6.09,195.5,5,5
v2_016_T2,T2,kg_no_hierarchy,False,optimal,False,False,True,0,,1.0,1.0,1.0,,,0,True,0.0,6,True,6.09,215.2,5,5
v2_016_T2,T2,kg_no_context,False,optimal,False,False,True,0,,1.0,1.0,1.0,,,0,True,0.0,6,True,6.09,195.9,5,5
v2_016_T2,T2,kg_full,False,optimal,False,False,True,0,,1.0,1.0,1.0,,,0,True,0.0,6,True,6.09,202.5,5,5
v2_017_T2,T2,llmn_like,False,optimal,False,False,True,0,,1.0,1.0,1.0,,,0,True,0.0,9,False,4.47,10020.6,1,5
v2_017_T2,T2,flat_table,False,optimal,False,False,True,0,,1.0,1.0,1.0,,,0,True,0.0,9,False,4.47,10025.8,1,5
v2_017_T2,T2,kg_no_hierarchy,False,optimal,False,False,True,0,,1.0,1.0,1.0,,,0,True,0.0,9,False,4.47,10022.7,1,5
v2_017_T2,T2,kg_no_context,False,optimal,False,False,True,0,,1.0,1.0,1.0,,,0,True,0.0,9,False,4.47,10040.6,1,5
v2_017_T2,T2,kg_full,False,optimal,False,False,True,0,,1.0,1.0,1.0,,,0,True,0.0,9,False,4.47,10026.5,1,5
v2_018_T2,T2,llmn_like,False,optimal,False,False,True,0,,1.0,1.0,1.0,,,0,True,0.0,7,True,3.86,4025.4,1,5
v2_018_T2,T2,flat_table,False,optimal,False,False,True,0,,1.0,1.0,1.0,,,0,True,0.0,7,True,3.86,3798.6,1,5
v2_018_T2,T2,kg_no_hierarchy,False,optimal,False,False,True,0,,1.0,1.0,1.0,,,0,True,0.0,7,True,3.86,3805.0,1,5
v2_018_T2,T2,kg_no_context,False,optimal,False,False,True,0,,1.0,1.0,1.0,,,0,True,0.0,7,True,3.86,3843.3,1,5
v2_018_T2,T2,kg_full,False,optimal,False,False,True,0,,1.0,1.0,1.0,,,0,True,0.0,7,True,3.86,3764.9,1,5
v2_019_T2,T2,llmn_like,False,optimal,False,False,True,0,,1.0,1.0,1.0,,,0,True,0.0,6,True,5.12,493.9,2,5
v2_019_T2,T2,flat_table,False,optimal,False,False,True,0,,1.0,1.0,1.0,,,0,True,0.0,6,True,5.12,466.7,2,5
v2_019_T2,T2,kg_no_hierarchy,False,optimal,False,False,True,0,,1.0,1.0,1.0,,,0,True,0.0,6,True,5.12,580.0,2,5
v2_019_T2,T2,kg_no_context,False,optimal,False,False,True,0,,1.0,1.0,1.0,,,0,True,0.0,6,True,5.12,513.2,2,5
v2_019_T2,T2,kg_full,False,optimal,False,False,True,0,,1.0,1.0,1.0,,,0,True,0.0,6,True,5.12,509.1,2,5
v2_020_T2,T2,llmn_like,False,optimal,False,False,True,0,,1.0,1.0,1.0,,,0,True,0.0,9,True,4.37,2775.7,2,5
v2_020_T2,T2,flat_table,False,optimal,False,False,True,0,,1.0,1.0,1.0,,,0,True,0.0,9,True,4.37,2704.4,2,5
v2_020_T2,T2,kg_no_hierarchy,False,optimal,False,False,True,0,,1.0,1.0,1.0,,,0,True,0.0,9,True,4.37,2773.5,2,5
v2_020_T2,T2,kg_no_context,False,optimal,False,False,True,0,,1.0,1.0,1.0,,,0,True,0.0,9,True,4.37,2898.0,2,5
v2_020_T2,T2,kg_full,False,optimal,False,False,True,0,,1.0,1.0,1.0,,,0,True,0.0,9,True,4.37,2988.8,2,5
v2_021_T2,T2,llmn_like,False,optimal,False,False,True,1,Milk (2% fat): vegan forbids animal_food,1.0,0.0,0.0,,"('exclude', 'F38') | ('exclude', 'F39') | ('exclude', 'F40') | ('exclude', 'F41') | ('exclude', 'F42') | ('exclude', 'F43') | ('exclude', 'F44') | ('exclude', 'F45') | ('exclude', 'F46') | ('exclude', 'F47') | ('exclude', 'F48') | ('exclude', 'F49')",0,True,0.0,9,True,3.66,415.9,0,5
v2_021_T2,T2,flat_table,False,optimal,False,False,True,1,Milk (2% fat): vegan forbids animal_food,1.0,0.0,0.0,,"('exclude', 'F38') | ('exclude', 'F39') | ('exclude', 'F40') | ('exclude', 'F41') | ('exclude', 'F42') | ('exclude', 'F43') | ('exclude', 'F44') | ('exclude', 'F45') | ('exclude', 'F46') | ('exclude', 'F47') | ('exclude', 'F48') | ('exclude', 'F49')",0,True,0.0,9,True,3.66,459.7,0,5
v2_021_T2,T2,kg_no_hierarchy,False,optimal,False,False,True,1,Milk (2% fat): vegan forbids animal_food,1.0,0.0,0.0,,"('exclude', 'F38') | ('exclude', 'F39') | ('exclude', 'F40') | ('exclude', 'F41') | ('exclude', 'F42') | ('exclude', 'F43') | ('exclude', 'F44') | ('exclude', 'F45') | ('exclude', 'F46') | ('exclude', 'F47') | ('exclude', 'F48') | ('exclude', 'F49')",0,True,0.0,9,True,3.66,509.5,0,5
v2_021_T2,T2,kg_no_context,False,optimal,False,False,True,0,,1.0,1.0,1.0,,,0,True,0.0,7,True,3.98,1103.1,12,5
v2_021_T2,T2,kg_full,False,optimal,False,False,True,0,,1.0,1.0,1.0,,,0,True,0.0,7,True,3.98,1143.0,12,5
v2_022_T2,T2,llmn_like,False,optimal,False,False,True,1,Milk (2% fat): vegan forbids animal_food,1.0,0.0,0.0,,"('exclude', 'F38') | ('exclude', 'F39') | ('exclude', 'F40') | ('exclude', 'F41') | ('exclude', 'F42') | ('exclude', 'F43') | ('exclude', 'F44') | ('exclude', 'F45') | ('exclude', 'F46') | ('exclude', 'F47') | ('exclude', 'F48') | ('exclude', 'F49')",0,True,0.0,9,True,3.66,496.3,0,5
v2_022_T2,T2,flat_table,False,optimal,False,False,True,1,Milk (2% fat): vegan forbids animal_food,1.0,0.0,0.0,,"('exclude', 'F38') | ('exclude', 'F39') | ('exclude', 'F40') | ('exclude', 'F41') | ('exclude', 'F42') | ('exclude', 'F43') | ('exclude', 'F44') | ('exclude', 'F45') | ('exclude', 'F46') | ('exclude', 'F47') | ('exclude', 'F48') | ('exclude', 'F49')",0,True,0.0,9,True,3.66,425.2,0,5
v2_022_T2,T2,kg_no_hierarchy,False,optimal,False,False,True,1,Milk (2% fat): vegan forbids animal_food,1.0,0.0,0.0,,"('exclude', 'F38') | ('exclude', 'F39') | ('exclude', 'F40') | ('exclude', 'F41') | ('exclude', 'F42') | ('exclude', 'F43') | ('exclude', 'F44') | ('exclude', 'F45') | ('exclude', 'F46') | ('exclude', 'F47') | ('exclude', 'F48') | ('exclude', 'F49')",0,True,0.0,9,True,3.66,488.7,0,5
v2_022_T2,T2,kg_no_context,False,optimal,False,False,True,0,,1.0,1.0,1.0,,,0,True,0.0,7,True,3.98,1145.6,12,5
v2_022_T2,T2,kg_full,False,optimal,False,False,True,0,,1.0,1.0,1.0,,,0,True,0.0,7,True,3.98,1108.9,12,5
v2_023_T2,T2,llmn_like,False,optimal,False,False,True,0,,1.0,0.0,0.0,,"('exclude', 'F44') | ('exclude', 'F45') | ('exclude', 'F46') | ('exclude', 'F47') | ('exclude', 'F48') | ('exclude', 'F49')",0,True,0.0,8,True,4.24,733.9,0,5
v2_023_T2,T2,flat_table,False,optimal,False,False,True,0,,1.0,0.5,0.6667,,"('exclude', 'F44') | ('exclude', 'F45') | ('exclude', 'F46')",0,True,0.0,9,True,4.26,1800.6,3,5
v2_023_T2,T2,kg_no_hierarchy,False,optimal,False,False,True,0,,1.0,0.5,0.6667,,"('exclude', 'F44') | ('exclude', 'F45') | ('exclude', 'F46')",0,True,0.0,9,True,4.26,1759.2,3,5
v2_023_T2,T2,kg_no_context,False,optimal,False,False,True,0,,1.0,1.0,1.0,,,0,True,0.0,10,True,4.17,691.8,6,5
v2_023_T2,T2,kg_full,False,optimal,False,False,True,0,,1.0,1.0,1.0,,,0,True,0.0,10,True,4.17,745.8,6,5
v2_024_T2,T2,llmn_like,False,optimal,False,False,True,0,,1.0,0.0,0.0,,"('exclude', 'F44') | ('exclude', 'F45') | ('exclude', 'F46') | ('exclude', 'F47') | ('exclude', 'F48') | ('exclude', 'F49')",0,True,0.0,10,True,4.46,1837.6,0,5
v2_024_T2,T2,flat_table,False,optimal,False,False,True,0,,1.0,0.5,0.6667,,"('exclude', 'F44') | ('exclude', 'F45') | ('exclude', 'F46')",0,True,0.0,9,True,4.52,1600.9,3,5
v2_024_T2,T2,kg_no_hierarchy,False,optimal,False,False,True,0,,1.0,0.5,0.6667,,"('exclude', 'F44') | ('exclude', 'F45') | ('exclude', 'F46')",0,True,0.0,9,True,4.52,1486.8,3,5
v2_024_T2,T2,kg_no_context,False,optimal,False,False,True,0,,1.0,1.0,1.0,,,0,True,0.0,10,True,4.46,1737.8,6,5
v2_024_T2,T2,kg_full,False,optimal,False,False,True,0,,1.0,1.0,1.0,,,0,True,0.0,10,True,4.46,1568.9,6,5
v2_025_T2,T2,llmn_like,False,optimal,False,False,True,1,Potato (baked with skin): jain forbids root_vegetable,1.0,0.0,0.0,,"('exclude', 'F22') | ('exclude', 'F23') | ('exclude', 'F24') | ('exclude', 'F25') | ('exclude', 'F43') | ('exclude', 'F44') | ('exclude', 'F45') | ('exclude', 'F46') | ('exclude', 'F47') | ('exclude', 'F48') | ('exclude', 'F49')",0,True,0.0,9,True,3.89,650.7,0,5
v2_025_T2,T2,flat_table,False,optimal,False,False,True,0,,1.0,0.7273,0.8421,,"('exclude', 'F44') | ('exclude', 'F45') | ('exclude', 'F46')",0,True,0.0,8,True,3.81,1461.6,8,5
v2_025_T2,T2,kg_no_hierarchy,False,optimal,False,False,True,0,,1.0,0.7273,0.8421,,"('exclude', 'F44') | ('exclude', 'F45') | ('exclude', 'F46')",0,True,0.0,8,True,3.81,1387.8,8,5
v2_025_T2,T2,kg_no_context,False,optimal,False,False,True,0,,1.0,1.0,1.0,,,0,True,0.0,7,True,3.86,1094.4,11,5
v2_025_T2,T2,kg_full,False,optimal,False,False,True,0,,1.0,1.0,1.0,,,0,True,0.0,7,True,3.86,973.2,11,5
v2_026_T2,T2,llmn_like,False,optimal,False,False,True,1,Potato (baked with skin): jain forbids root_vegetable,1.0,0.0,0.0,,"('exclude', 'F22') | ('exclude', 'F23') | ('exclude', 'F24') | ('exclude', 'F25') | ('exclude', 'F43') | ('exclude', 'F44') | ('exclude', 'F45') | ('exclude', 'F46') | ('exclude', 'F47') | ('exclude', 'F48') | ('exclude', 'F49')",0,True,0.0,9,True,4.52,314.4,0,5
v2_026_T2,T2,flat_table,False,optimal,False,False,True,0,,1.0,0.7273,0.8421,,"('exclude', 'F44') | ('exclude', 'F45') | ('exclude', 'F46')",0,True,0.0,9,True,4.54,465.7,8,5
v2_026_T2,T2,kg_no_hierarchy,False,optimal,False,False,True,0,,1.0,0.7273,0.8421,,"('exclude', 'F44') | ('exclude', 'F45') | ('exclude', 'F46')",0,True,0.0,9,True,4.54,378.7,8,5
v2_026_T2,T2,kg_no_context,False,optimal,False,False,True,0,,1.0,1.0,1.0,,,0,True,0.0,8,True,4.53,231.1,11,5
v2_026_T2,T2,kg_full,False,optimal,False,False,True,0,,1.0,1.0,1.0,,,0,True,0.0,8,True,4.53,229.5,11,5
v2_027_T2,T2,llmn_like,False,optimal,False,False,True,1,warfarin STABLE vitamin_k_ug 90-150 (plan: 158.96),1.0,0.0,0.0,,"('max', 'vitamin_k_ug', 150.0) | ('min', 'vitamin_k_ug', 90.0)",0,True,0.0,10,True,4.45,358.0,0,5
v2_027_T2,T2,flat_table,False,optimal,False,False,True,0,,1.0,1.0,1.0,,,0,True,0.0,8,True,4.53,1063.2,0,7
v2_027_T2,T2,kg_no_hierarchy,False,optimal,False,False,True,0,,1.0,1.0,1.0,,,0,True,0.0,8,True,4.53,1174.5,0,7
v2_027_T2,T2,kg_no_context,False,optimal,False,False,True,0,,1.0,1.0,1.0,,,0,True,0.0,8,True,4.53,1099.1,0,7
v2_027_T2,T2,kg_full,False,optimal,False,False,True,0,,1.0,1.0,1.0,,,0,True,0.0,8,True,4.53,1075.9,0,7
v2_028_T2,T2,llmn_like,False,optimal,False,False,True,1,warfarin STABLE vitamin_k_ug 90-150 (plan: 425.32),1.0,0.0,0.0,,"('max', 'vitamin_k_ug', 150.0) | ('min', 'vitamin_k_ug', 90.0)",0,True,0.0,6,True,5.35,283.6,0,5
v2_028_T2,T2,flat_table,False,optimal,False,False,True,0,,1.0,1.0,1.0,,,0,True,0.0,6,True,3.92,422.1,0,7
v2_028_T2,T2,kg_no_hierarchy,False,optimal,False,False,True,0,,1.0,1.0,1.0,,,0,True,0.0,6,True,3.92,394.1,0,7
v2_028_T2,T2,kg_no_context,False,optimal,False,False,True,0,,1.0,1.0,1.0,,,0,True,0.0,6,True,3.92,398.1,0,7
v2_028_T2,T2,kg_full,False,optimal,False,False,True,0,,1.0,1.0,1.0,,,0,True,0.0,6,True,3.92,378.7,0,7
v2_029_T2,T2,llmn_like,False,optimal,False,False,True,2,Cheddar cheese: phenelzine avoid aged_cheese | Parmesan cheese: phenelzine avoid aged_cheese,1.0,0.0,0.0,,"('exclude', 'F40') | ('exclude', 'F42')",0,True,0.0,8,True,6.03,34.0,0,5
v2_029_T2,T2,flat_table,False,optimal,False,False,True,0,,1.0,1.0,1.0,,,0,True,0.0,5,True,5.35,332.7,2,5
v2_029_T2,T2,kg_no_hierarchy,False,optimal,False,False,True,0,,1.0,1.0,1.0,,,0,True,0.0,5,True,5.35,294.9,2,5
v2_029_T2,T2,kg_no_context,False,optimal,False,False,True,0,,1.0,1.0,1.0,,,0,True,0.0,5,True,5.35,296.7,2,5
v2_029_T2,T2,kg_full,False,optimal,False,False,True,0,,1.0,1.0,1.0,,,0,True,0.0,5,True,5.35,301.7,2,5
v2_030_T2,T2,llmn_like,False,optimal,False,False,True,0,,1.0,0.0,0.0,,"('exclude', 'F40') | ('exclude', 'F42')",0,True,0.0,10,True,4.44,341.1,0,5
v2_030_T2,T2,flat_table,False,optimal,False,False,True,0,,1.0,1.0,1.0,,,0,True,0.0,10,True,4.45,6132.3,2,5
v2_030_T2,T2,kg_no_hierarchy,False,optimal,False,False,True,0,,1.0,1.0,1.0,,,0,True,0.0,10,True,4.45,6378.0,2,5
v2_030_T2,T2,kg_no_context,False,optimal,False,False,True,0,,1.0,1.0,1.0,,,0,True,0.0,10,True,4.45,5884.9,2,5
v2_030_T2,T2,kg_full,False,optimal,False,False,True,0,,1.0,1.0,1.0,,,0,True,0.0,10,True,4.45,6138.2,2,5
v2_031_T2,T2,llmn_like,False,optimal,False,False,True,0,,1.0,0.0,0.0,,"('max', 'sodium_mg', 2300.0) | ('per_1000kcal_min', 'fiber_g', 14.0)",0,True,0.0,9,True,4.14,2034.8,0,5
v2_031_T2,T2,flat_table,False,optimal,False,False,True,0,,0.6667,1.0,0.8,"('min', 'protein_g', 69.6)",,0,True,0.0,9,True,4.14,1530.5,0,8
v2_031_T2,T2,kg_no_hierarchy,False,optimal,False,False,True,0,,1.0,1.0,1.0,,,0,True,0.0,9,True,4.14,1707.2,0,7
v2_031_T2,T2,kg_no_context,False,optimal,False,False,True,0,,0.6667,1.0,0.8,"('min', 'protein_g', 69.6)",,0,True,0.0,9,True,4.14,1596.1,0,8
v2_031_T2,T2,kg_full,False,optimal,False,False,True,0,,1.0,1.0,1.0,,,0,True,0.0,9,True,4.14,1692.1,0,7
v2_032_T2,T2,llmn_like,False,optimal,False,False,True,0,,1.0,0.0,0.0,,"('max', 'sodium_mg', 2300.0) | ('per_1000kcal_min', 'fiber_g', 14.0)",0,True,0.0,10,True,4.46,3210.1,0,5
v2_032_T2,T2,flat_table,False,optimal,False,False,True,0,,0.6667,1.0,0.8,"('min', 'protein_g', 61.6)",,0,True,0.0,9,True,4.5,476.8,0,8
v2_032_T2,T2,kg_no_hierarchy,False,optimal,False,False,True,0,,1.0,1.0,1.0,,,0,True,0.0,10,True,4.5,1592.9,0,7
v2_032_T2,T2,kg_no_context,False,optimal,False,False,True,0,,0.6667,1.0,0.8,"('min', 'protein_g', 61.6)",,0,True,0.0,9,True,4.5,483.9,0,8
v2_032_T2,T2,kg_full,False,optimal,False,False,True,0,,1.0,1.0,1.0,,,0,True,0.0,10,True,4.5,1677.3,0,7
v2_033_T2,T2,llmn_like,False,optimal,False,False,True,0,,1.0,0.0,0.0,,"('max', 'sodium_mg', 1500.0) | ('min', 'potassium_mg', 3500.0)",0,True,0.0,7,True,4.58,545.7,0,5
v2_033_T2,T2,flat_table,False,optimal,False,False,True,0,,1.0,1.0,1.0,,,0,True,0.0,7,True,4.62,588.2,0,7
v2_033_T2,T2,kg_no_hierarchy,False,optimal,False,False,True,0,,1.0,1.0,1.0,,,0,True,0.0,7,True,4.62,626.2,0,7
v2_033_T2,T2,kg_no_context,False,optimal,False,False,True,0,,1.0,1.0,1.0,,,0,True,0.0,7,True,4.62,545.8,0,7
v2_033_T2,T2,kg_full,False,optimal,False,False,True,0,,1.0,1.0,1.0,,,0,True,0.0,7,True,4.62,488.9,0,7
v2_034_T2,T2,llmn_like,False,optimal,False,False,True,1,hypertension REQUIRES potassium_mg 3500 per_day (plan: 2744.56),1.0,0.0,0.0,,"('max', 'sodium_mg', 1500.0) | ('min', 'potassium_mg', 3500.0)",0,True,0.0,7,True,5.18,66.4,0,5
v2_034_T2,T2,flat_table,False,optimal,False,False,True,0,,1.0,1.0,1.0,,,0,True,0.0,8,True,5.49,44.6,0,7
v2_034_T2,T2,kg_no_hierarchy,False,optimal,False,False,True,0,,1.0,1.0,1.0,,,0,True,0.0,8,True,5.49,37.8,0,7
v2_034_T2,T2,kg_no_context,False,optimal,False,False,True,0,,1.0,1.0,1.0,,,0,True,0.0,8,True,5.49,40.7,0,7
v2_034_T2,T2,kg_full,False,optimal,False,False,True,0,,1.0,1.0,1.0,,,0,True,0.0,8,True,5.49,37.8,0,7
v2_035_T2,T2,llmn_like,False,optimal,False,False,True,1,ckd3 LIMITS protein_g 0.6 per_kg (plan: 86.23),1.0,0.0,0.0,,"('max', 'protein_g', 39.6) | ('max', 'sodium_mg', 2300.0)",0,True,0.0,7,True,4.58,466.1,0,5
v2_035_T2,T2,flat_table,False,optimal,False,False,True,0,,0.5,1.0,0.6667,"('max', 'protein_g', 52.8) | ('min', 'protein_g', 39.6)",,0,True,0.0483,10,True,9.61,450.8,0,9
v2_035_T2,T2,kg_no_hierarchy,False,optimal,False,False,True,0,,1.0,1.0,1.0,,,0,True,0.0483,10,True,9.61,1088.1,0,7
v2_035_T2,T2,kg_no_context,False,optimal,False,False,True,0,,0.5,1.0,0.6667,"('max', 'protein_g', 52.8) | ('min', 'protein_g', 39.6)",,0,True,0.0483,10,True,9.61,445.2,0,9
v2_035_T2,T2,kg_full,False,optimal,False,False,True,0,,1.0,1.0,1.0,,,0,True,0.0483,10,True,9.61,1073.3,0,7
v2_036_T2,T2,llmn_like,False,optimal,False,False,True,1,ckd3 LIMITS protein_g 0.6 per_kg (plan: 107.64),1.0,0.0,0.0,,"('max', 'protein_g', 33.0) | ('max', 'sodium_mg', 2300.0)",0,True,0.0,8,True,6.17,43.1,0,5
v2_036_T2,T2,flat_table,False,optimal,False,False,True,0,,0.5,1.0,0.6667,"('max', 'protein_g', 44.0) | ('min', 'protein_g', 33.0)",,0,True,0.1014,11,True,10.82,6141.6,0,9
v2_036_T2,T2,kg_no_hierarchy,False,optimal,False,False,True,0,,1.0,1.0,1.0,,,0,True,0.1008,11,True,12.85,5173.9,0,7
v2_036_T2,T2,kg_no_context,False,optimal,False,False,True,0,,0.5,1.0,0.6667,"('max', 'protein_g', 44.0) | ('min', 'protein_g', 33.0)",,0,True,0.1014,11,True,10.82,6427.5,0,9
v2_036_T2,T2,kg_full,False,optimal,False,False,True,0,,1.0,1.0,1.0,,,0,True,0.1008,11,True,12.85,5255.1,0,7
v2_037_T3,T3,llmn_like,False,optimal,False,False,True,1,ckd3 LIMITS protein_g 0.6 per_kg (plan: 72.02),1.0,0.0,0.0,,"('max', 'protein_g', 34.8) | ('max', 'sodium_mg', 1500.0) | ('max', 'sodium_mg', 2300.0)",0,True,0.0,8,True,3.86,2432.9,0,5
v2_037_T3,T3,flat_table,False,optimal,False,False,True,0,,0.5,1.0,0.6667,"('max', 'protein_g', 46.4) | ('min', 'potassium_mg', 3500.0) | ('min', 'protein_g', 34.8)",,0,True,0.1028,10,True,9.44,2045.7,0,11
v2_037_T3,T3,kg_no_hierarchy,False,optimal,False,False,True,0,,1.0,1.0,1.0,,,0,True,0.1028,10,True,9.44,2446.9,0,8
v2_037_T3,T3,kg_no_context,False,optimal,False,False,True,0,,0.5,1.0,0.6667,"('max', 'protein_g', 46.4) | ('min', 'potassium_mg', 3500.0) | ('min', 'protein_g', 34.8)",,0,True,0.1028,10,True,9.44,1993.4,0,11
v2_037_T3,T3,kg_full,False,optimal,False,False,True,0,,1.0,1.0,1.0,,,0,True,0.1028,10,True,9.44,2808.8,0,8
v2_038_T3,T3,llmn_like,False,optimal,False,False,True,1,ckd3 LIMITS protein_g 0.6 per_kg (plan: 69.22),1.0,0.0,0.0,,"('max', 'protein_g', 36.0) | ('max', 'sodium_mg', 1500.0) | ('max', 'sodium_mg', 2300.0)",0,True,0.0,8,True,3.82,1375.6,0,5
v2_038_T3,T3,flat_table,False,optimal,False,False,True,0,,0.5,1.0,0.6667,"('max', 'protein_g', 48.0) | ('min', 'potassium_mg', 3500.0) | ('min', 'protein_g', 36.0)",,0,True,0.0685,11,True,8.45,2601.7,0,11
v2_038_T3,T3,kg_no_hierarchy,False,optimal,False,False,True,0,,1.0,1.0,1.0,,,0,True,0.0704,10,True,8.2,2891.5,0,8
v2_038_T3,T3,kg_no_context,False,optimal,False,False,True,0,,0.5,1.0,0.6667,"('max', 'protein_g', 48.0) | ('min', 'potassium_mg', 3500.0) | ('min', 'protein_g', 36.0)",,0,True,0.0685,11,True,8.45,2662.8,0,11
v2_038_T3,T3,kg_full,False,optimal,False,False,True,0,,1.0,1.0,1.0,,,0,True,0.0704,10,True,8.2,2808.3,0,8
v2_039_T3,T3,llmn_like,False,optimal,False,False,True,1,ckd3 LIMITS protein_g 0.6 per_kg (plan: 74.5),1.0,0.0,0.0,,"('exclude', 'F47') | ('exclude', 'F48') | ('exclude', 'F49') | ('max', 'protein_g', 40.8) | ('max', 'sodium_mg', 1500.0) | ('max', 'sodium_mg', 2300.0)",0,True,0.0003,9,True,4.22,483.0,0,5
v2_039_T3,T3,flat_table,False,optimal,False,False,True,0,,0.5,0.5,0.5,"('max', 'protein_g', 54.4) | ('min', 'potassium_mg', 3500.0) | ('min', 'protein_g', 40.8)","('exclude', 'F47') | ('exclude', 'F48') | ('exclude', 'F49')",0,True,0.0648,10,True,8.03,1474.6,0,11
v2_039_T3,T3,kg_no_hierarchy,False,optimal,False,False,True,0,,1.0,0.5,0.6667,,"('exclude', 'F47') | ('exclude', 'F48') | ('exclude', 'F49')",0,True,0.0648,10,True,8.03,2529.0,0,8
v2_039_T3,T3,kg_no_context,False,optimal,False,False,True,0,,0.6667,1.0,0.8,"('max', 'protein_g', 54.4) | ('min', 'potassium_mg', 3500.0) | ('min', 'protein_g', 40.8)",,0,True,0.0551,10,True,8.4,7218.9,3,11
v2_039_T3,T3,kg_full,False,optimal,False,False,True,0,,1.0,1.0,1.0,,,0,True,0.0551,10,True,8.39,7317.4,3,8
v2_040_T3,T3,llmn_like,False,optimal,False,False,True,1,ckd3 LIMITS protein_g 0.6 per_kg (plan: 86.93),1.0,0.0,0.0,,"('exclude', 'F47') | ('exclude', 'F48') | ('exclude', 'F49') | ('max', 'protein_g', 48.0) | ('max', 'sodium_mg', 1500.0) | ('max', 'sodium_mg', 2300.0)",0,True,0.0,9,True,4.64,279.6,0,5
v2_040_T3,T3,flat_table,False,optimal,False,False,True,0,,0.5,0.5,0.5,"('max', 'protein_g', 64.0) | ('min', 'potassium_mg', 3500.0) | ('min', 'protein_g', 48.0)","('exclude', 'F47') | ('exclude', 'F48') | ('exclude', 'F49')",0,True,0.0488,10,True,8.42,2975.3,0,11
v2_040_T3,T3,kg_no_hierarchy,False,optimal,False,False,True,0,,1.0,0.5,0.6667,,"('exclude', 'F47') | ('exclude', 'F48') | ('exclude', 'F49')",0,True,0.0488,10,True,8.42,2183.1,0,8
v2_040_T3,T3,kg_no_context,False,optimal,False,False,True,0,,0.6667,1.0,0.8,"('max', 'protein_g', 64.0) | ('min', 'potassium_mg', 3500.0) | ('min', 'protein_g', 48.0)",,0,True,0.0313,11,False,9.54,10029.2,3,11
v2_040_T3,T3,kg_full,False,optimal,False,False,True,0,,1.0,1.0,1.0,,,0,True,0.0281,11,True,9.15,5735.5,3,8
v2_041_T3,T3,llmn_like,False,optimal,False,False,True,0,,1.0,0.0,0.0,,"('exclude', 'F14') | ('exclude', 'F15') | ('exclude', 'F16') | ('max', 'sodium_mg', 1500.0) | ('max', 'sodium_mg', 2300.0) | ('min', 'potassium_mg', 3500.0) | ('per_1000kcal_min', 'fiber_g', 14.0)",0,True,0.0,9,True,4.13,386.7,0,5
v2_041_T3,T3,flat_table,False,optimal,False,False,True,0,,0.8,0.5714,0.6667,"('min', 'protein_g', 55.2)","('exclude', 'F14') | ('exclude', 'F15') | ('exclude', 'F16')",0,True,0.0,9,True,4.17,426.6,0,10
v2_041_T3,T3,kg_no_hierarchy,False,optimal,False,False,True,0,,1.0,0.5714,0.7273,,"('exclude', 'F14') | ('exclude', 'F15') | ('exclude', 'F16')",0,True,0.0,9,True,4.16,354.8,0,9
v2_041_T3,T3,kg_no_context,False,optimal,False,False,True,0,,0.875,1.0,0.9333,"('min', 'protein_g', 55.2)",,0,True,0.0,9,True,4.14,382.5,3,10
v2_041_T3,T3,kg_full,False,optimal,False,False,True,0,,1.0,1.0,1.0,,,0,True,0.0,9,True,4.17,387.4,3,9
v2_042_T3,T3,llmn_like,False,optimal,False,False,True,0,,1.0,0.0,0.0,,"('exclude', 'F14') | ('exclude', 'F15') | ('exclude', 'F16') | ('max', 'sodium_mg', 1500.0) | ('max', 'sodium_mg', 2300.0) | ('min', 'potassium_mg', 3500.0) | ('per_1000kcal_min', 'fiber_g', 14.0)",0,True,0.0,9,True,4.69,343.8,0,5
v2_042_T3,T3,flat_table,False,optimal,False,False,True,0,,0.8,0.5714,0.6667,"('min', 'protein_g', 58.4)","('exclude', 'F14') | ('exclude', 'F15') | ('exclude', 'F16')",0,True,0.0,9,True,4.69,425.3,0,10
v2_042_T3,T3,kg_no_hierarchy,False,optimal,False,False,True,0,,1.0,0.5714,0.7273,,"('exclude', 'F14') | ('exclude', 'F15') | ('exclude', 'F16')",0,True,0.0,9,True,4.69,439.3,0,9
v2_042_T3,T3,kg_no_context,False,optimal,False,False,True,0,,0.875,1.0,0.9333,"('min', 'protein_g', 58.4)",,0,True,0.0,10,True,4.65,376.4,3,10
v2_042_T3,T3,kg_full,False,optimal,False,False,True,0,,1.0,1.0,1.0,,,0,True,0.0,9,True,4.69,344.1,3,9
v2_043_T3,T3,llmn_like,False,optimal,False,False,True,1,hypertension REQUIRES potassium_mg 3500 per_day (plan: 2881.88),1.0,0.5556,0.7143,,"('max', 'sodium_mg', 1500.0) | ('max', 'sodium_mg', 2300.0) | ('min', 'potassium_mg', 3500.0) | ('per_1000kcal_min', 'fiber_g', 14.0)",0,True,0.0,8,True,3.93,1066.2,5,5
v2_043_T3,T3,flat_table,False,optimal,False,False,True,0,,0.9,1.0,0.9474,"('min', 'protein_g', 41.6)",,0,True,0.0,7,True,4.1,812.2,5,10
v2_043_T3,T3,kg_no_hierarchy,False,optimal,False,False,True,0,,1.0,1.0,1.0,,,0,True,0.0,7,True,4.1,599.9,5,9
v2_043_T3,T3,kg_no_context,False,optimal,False,False,True,0,,0.9,1.0,0.9474,"('min', 'protein_g', 41.6)",,0,True,0.0,7,True,4.1,780.5,5,10
v2_043_T3,T3,kg_full,False,optimal,False,False,True,0,,1.0,1.0,1.0,,,0,True,0.0,7,True,4.1,596.1,5,9
v2_044_T3,T3,llmn_like,False,optimal,False,False,True,1,hypertension REQUIRES potassium_mg 3500 per_day (plan: 3481.94),1.0,0.5556,0.7143,,"('max', 'sodium_mg', 1500.0) | ('max', 'sodium_mg', 2300.0) | ('min', 'potassium_mg', 3500.0) | ('per_1000kcal_min', 'fiber_g', 14.0)",0,True,0.0,8,True,4.25,320.6,5,5
v2_044_T3,T3,flat_table,False,optimal,False,False,True,0,,0.9,1.0,0.9474,"('min', 'protein_g', 69.6)",,0,True,0.0,9,True,4.31,367.2,5,10
v2_044_T3,T3,kg_no_hierarchy,False,optimal,False,False,True,0,,1.0,1.0,1.0,,,0,True,0.0,9,True,4.25,325.6,5,9
v2_044_T3,T3,kg_no_context,False,optimal,False,False,True,0,,0.9,1.0,0.9474,"('min', 'protein_g', 69.6)",,0,True,0.0,9,True,4.31,333.2,5,10
v2_044_T3,T3,kg_full,False,optimal,False,False,True,0,,1.0,1.0,1.0,,,0,True,0.0,9,True,4.25,291.7,5,9
v2_045_T3,T3,llmn_like,False,optimal,False,False,True,1,t2dm REQUIRES protein_g 0.8 per_kg (plan: 70.48),1.0,0.0,0.0,,"('max', 'protein_g', 73.6) | ('max', 'sodium_mg', 2300.0) | ('min', 'protein_g', 55.2) | ('min', 'protein_g', 73.6) | ('per_1000kcal_min', 'fiber_g', 14.0)",0,True,0.0,10,True,4.07,3114.2,0,5
v2_045_T3,T3,flat_table,False,infeasible_relaxed,False,True,False,1,t2dm REQUIRES protein_g 0.8 per_kg (plan: 55.21),0.8333,1.0,0.9091,"('max', 'protein_g', 55.2)",,0,True,0.0949,8,True,4.47,432.9,0,12
v2_045_T3,T3,kg_no_hierarchy,False,optimal,False,False,True,0,,1.0,1.0,1.0,,,0,True,0.0,8,False,4.38,10033.8,0,11
v2_045_T3,T3,kg_no_context,False,infeasible_relaxed,False,True,False,1,t2dm REQUIRES protein_g 0.8 per_kg (plan: 55.21),0.8333,1.0,0.9091,"('max', 'protein_g', 55.2)",,0,True,0.0949,8,True,4.47,584.6,0,12
v2_045_T3,T3,kg_full,False,optimal,False,False,True,0,,1.0,1.0,1.0,,,0,True,0.0,8,False,4.38,10023.2,0,11
v2_046_T3,T3,llmn_like,False,optimal,False,False,True,1,ckd3 LIMITS protein_g 0.8 per_kg (plan: 70.96),1.0,0.0,0.0,,"('max', 'protein_g', 60.8) | ('max', 'sodium_mg', 2300.0) | ('min', 'protein_g', 45.6) | ('min', 'protein_g', 60.8) | ('per_1000kcal_min', 'fiber_g', 14.0)",0,True,0.0,9,True,4.24,2099.0,0,5
v2_046_T3,T3,flat_table,False,infeasible_relaxed,False,True,False,1,t2dm REQUIRES protein_g 0.8 per_kg (plan: 45.65),0.8333,1.0,0.9091,"('max', 'protein_g', 45.6)",,0,True,0.0486,9,True,7.0,322.2,0,12
v2_046_T3,T3,kg_no_hierarchy,False,optimal,False,False,True,0,,1.0,1.0,1.0,,,0,True,0.0,10,False,4.61,10027.1,0,11
v2_046_T3,T3,kg_no_context,False,infeasible_relaxed,False,True,False,1,t2dm REQUIRES protein_g 0.8 per_kg (plan: 45.65),0.8333,1.0,0.9091,"('max', 'protein_g', 45.6)",,0,True,0.0486,9,True,7.0,309.7,0,12
v2_046_T3,T3,kg_full,False,optimal,False,False,True,0,,1.0,1.0,1.0,,,0,True,0.0,10,False,4.61,10024.2,0,11
v2_047_T3,T3,llmn_like,False,optimal,False,False,True,1,ckd3 LIMITS protein_g 0.8 per_kg (plan: 78.98),1.0,0.0,0.0,,"('max', 'protein_g', 57.6) | ('max', 'sodium_mg', 1500.0) | ('max', 'sodium_mg', 2300.0) | ('min', 'protein_g', 43.2) | ('min', 'protein_g', 57.6) | ('per_1000kcal_min', 'fiber_g', 14.0)",0,True,0.0,10,True,4.42,911.9,0,5
v2_047_T3,T3,flat_table,False,infeasible_relaxed,False,True,False,1,t2dm REQUIRES protein_g 0.8 per_kg (plan: 43.18),0.75,1.0,0.8571,"('max', 'protein_g', 43.2) | ('min', 'potassium_mg', 3500.0)",,0,True,0.1017,11,True,8.62,370.6,0,14
v2_047_T3,T3,kg_no_hierarchy,False,optimal,False,False,True,0,,1.0,1.0,1.0,,,0,True,0.003,10,False,5.52,10021.9,0,12
v2_047_T3,T3,kg_no_context,False,infeasible_relaxed,False,True,False,1,t2dm REQUIRES protein_g 0.8 per_kg (plan: 43.18),0.75,1.0,0.8571,"('max', 'protein_g', 43.2) | ('min', 'potassium_mg', 3500.0)",,0,True,0.1017,11,True,8.62,336.0,0,14
v2_047_T3,T3,kg_full,False,optimal,False,False,True,0,,1.0,1.0,1.0,,,0,True,0.003,10,False,5.52,10025.6,0,12
v2_048_T3,T3,llmn_like,False,optimal,False,False,True,1,ckd3 LIMITS protein_g 0.8 per_kg (plan: 68.74),1.0,0.0,0.0,,"('max', 'protein_g', 46.4) | ('max', 'sodium_mg', 1500.0) | ('max', 'sodium_mg', 2300.0) | ('min', 'protein_g', 34.8) | ('min', 'protein_g', 46.4) | ('per_1000kcal_min', 'fiber_g', 14.0)",0,True,0.0,9,True,3.65,2343.8,0,5
v2_048_T3,T3,flat_table,False,infeasible_relaxed,False,True,False,1,t2dm REQUIRES protein_g 0.8 per_kg (plan: 34.98),0.75,1.0,0.8571,"('max', 'protein_g', 34.8) | ('min', 'potassium_mg', 3500.0)",,0,True,0.0738,10,True,8.19,323.3,0,14
v2_048_T3,T3,kg_no_hierarchy,False,optimal,False,False,True,0,,1.0,1.0,1.0,,,0,True,0.0,8,True,4.79,1395.5,0,12
v2_048_T3,T3,kg_no_context,False,infeasible_relaxed,False,True,False,1,t2dm REQUIRES protein_g 0.8 per_kg (plan: 34.98),0.75,1.0,0.8571,"('max', 'protein_g', 34.8) | ('min', 'potassium_mg', 3500.0)",,0,True,0.0738,10,True,8.19,434.0,0,14
v2_048_T3,T3,kg_full,False,optimal,False,False,True,0,,1.0,1.0,1.0,,,0,True,0.0,8,True,4.79,1623.7,0,12
v2_049_T3,T3,llmn_like,False,optimal,False,False,True,2,Potato (baked with skin): jain forbids root_vegetable | ckd3 LIMITS protein_g 0.6 per_kg (plan: 80.08),1.0,0.0,0.0,,"('exclude', 'F22') | ('exclude', 'F23') | ('exclude', 'F24') | ('exclude', 'F25') | ('exclude', 'F43') | ('exclude', 'F44') | ('exclude', 'F45') | ('exclude', 'F46') | ('exclude', 'F47') | ('exclude', 'F48') | ('exclude', 'F49') | ('max', 'protein_g', 54.0) | ('max', 'sodium_mg', 2300.0)",0,True,0.0,9,True,4.45,309.5,0,5
v2_049_T3,T3,flat_table,False,optimal,False,False,True,0,,0.8333,0.7692,0.8,"('max', 'protein_g', 72.0) | ('min', 'protein_g', 54.0)","('exclude', 'F44') | ('exclude', 'F45') | ('exclude', 'F46')",0,True,0.0056,10,False,7.72,10034.6,8,9
v2_049_T3,T3,kg_no_hierarchy,False,optimal,False,False,True,0,,1.0,0.7692,0.8696,,"('exclude', 'F44') | ('exclude', 'F45') | ('exclude', 'F46')",0,True,0.0074,10,True,7.09,6854.3,8,7
v2_049_T3,T3,kg_no_context,False,optimal,False,False,True,0,,0.8667,1.0,0.9286,"('max', 'protein_g', 72.0) | ('min', 'protein_g', 54.0)",,0,True,0.0058,10,False,7.9,10029.3,11,9
v2_049_T3,T3,kg_full,False,optimal,False,False,True,0,,1.0,1.0,1.0,,,0,True,0.0074,10,True,7.09,4806.4,11,7
v2_050_T3,T3,llmn_like,False,optimal,False,False,True,2,Potato (baked with skin): jain forbids root_vegetable | ckd3 LIMITS protein_g 0.6 per_kg (plan: 69.22),1.0,0.0,0.0,,"('exclude', 'F22') | ('exclude', 'F23') | ('exclude', 'F24') | ('exclude', 'F25') | ('exclude', 'F43') | ('exclude', 'F44') | ('exclude', 'F45') | ('exclude', 'F46') | ('exclude', 'F47') | ('exclude', 'F48') | ('exclude', 'F49') | ('max', 'protein_g', 40.2) | ('max', 'sodium_mg', 2300.0)",0,True,0.0,8,True,3.82,388.9,0,5
v2_050_T3,T3,flat_table,False,optimal,False,False,True,0,,0.8333,0.7692,0.8,"('max', 'protein_g', 53.6) | ('min', 'protein_g', 40.2)","('exclude', 'F44') | ('exclude', 'F45') | ('exclude', 'F46')",0,True,0.0493,9,True,7.12,4019.4,8,9
v2_050_T3,T3,kg_no_hierarchy,False,optimal,False,False,True,0,,1.0,0.7692,0.8696,,"('exclude', 'F44') | ('exclude', 'F45') | ('exclude', 'F46')",0,True,0.0365,10,True,8.6,3972.1,8,7
v2_050_T3,T3,kg_no_context,False,optimal,False,False,True,0,,0.8667,1.0,0.9286,"('max', 'protein_g', 53.6) | ('min', 'protein_g', 40.2)",,0,True,0.0493,9,True,7.12,8999.4,11,9
v2_050_T3,T3,kg_full,False,optimal,False,False,True,0,,1.0,1.0,1.0,,,0,True,0.0365,10,True,8.6,3091.7,11,7
v2_051_T3,T3,llmn_like,False,optimal,False,False,True,2,Milk (2% fat): vegan forbids animal_food | warfarin STABLE vitamin_k_ug 90-150 (plan: 254.92),1.0,0.0,0.0,,"('exclude', 'F38') | ('exclude', 'F39') | ('exclude', 'F40') | ('exclude', 'F41') | ('exclude', 'F42') | ('exclude', 'F43') | ('exclude', 'F44') | ('exclude', 'F45') | ('exclude', 'F46') | ('exclude', 'F47') | ('exclude', 'F48') | ('exclude', 'F49') | ('max', 'sodium_mg', 2300.0) | ('max', 'vitamin_k_ug', 150.0) | ('min', 'vitamin_k_ug', 90.0) | ('per_1000kcal_min', 'fiber_g', 14.0)",0,True,0.0,6,True,4.19,412.6,0,5
v2_051_T3,T3,flat_table,False,optimal,False,False,True,1,Milk (2% fat): vegan forbids animal_food,0.8,0.25,0.381,"('min', 'protein_g', 48.0)","('exclude', 'F38') | ('exclude', 'F39') | ('exclude', 'F40') | ('exclude', 'F41') | ('exclude', 'F42') | ('exclude', 'F43') | ('exclude', 'F44') | ('exclude', 'F45') | ('exclude', 'F46') | ('exclude', 'F47') | ('exclude', 'F48') | ('exclude', 'F49')",0,True,0.0,7,True,3.93,460.3,0,10
v2_051_T3,T3,kg_no_hierarchy,False,optimal,False,False,True,1,Milk (2% fat): vegan forbids animal_food,1.0,0.25,0.4,,"('exclude', 'F38') | ('exclude', 'F39') | ('exclude', 'F40') | ('exclude', 'F41') | ('exclude', 'F42') | ('exclude', 'F43') | ('exclude', 'F44') | ('exclude', 'F45') | ('exclude', 'F46') | ('exclude', 'F47') | ('exclude', 'F48') | ('exclude', 'F49')",0,True,0.0,7,True,3.93,381.3,0,9
v2_051_T3,T3,kg_no_context,False,optimal,False,False,True,0,,0.9412,1.0,0.9697,"('min', 'protein_g', 48.0)",,0,True,0.0,9,True,3.97,379.1,12,10
v2_051_T3,T3,kg_full,False,optimal,False,False,True,0,,1.0,1.0,1.0,,,0,True,0.0,9,True,3.93,251.5,12,9
v2_052_T3,T3,llmn_like,False,optimal,False,False,True,2,Milk (2% fat): vegan forbids animal_food | Cheddar cheese: vegan forbids animal_food,1.0,0.0,0.0,,"('exclude', 'F38') | ('exclude', 'F39') | ('exclude', 'F40') | ('exclude', 'F41') | ('exclude', 'F42') | ('exclude', 'F43') | ('exclude', 'F44') | ('exclude', 'F45') | ('exclude', 'F46') | ('exclude', 'F47') | ('exclude', 'F48') | ('exclude', 'F49') | ('max', 'sodium_mg', 2300.0) | ('max', 'vitamin_k_ug', 150.0) | ('min', 'vitamin_k_ug', 90.0) | ('per_1000kcal_min', 'fiber_g', 14.0)",0,True,0.0,8,True,4.54,394.3,0,5
v2_052_T3,T3,flat_table,False,optimal,False,False,True,2,Milk (2% fat): vegan forbids animal_food | Cheddar cheese: vegan forbids animal_food,0.8,0.25,0.381,"('min', 'protein_g', 69.6)","('exclude', 'F38') | ('exclude', 'F39') | ('exclude', 'F40') | ('exclude', 'F41') | ('exclude', 'F42') | ('exclude', 'F43') | ('exclude', 'F44') | ('exclude', 'F45') | ('exclude', 'F46') | ('exclude', 'F47') | ('exclude', 'F48') | ('exclude', 'F49')",0,True,0.0,8,True,4.54,457.6,0,10
v2_052_T3,T3,kg_no_hierarchy,False,optimal,False,False,True,2,Milk (2% fat): vegan forbids animal_food | Cheddar cheese: vegan forbids animal_food,1.0,0.25,0.4,,"('exclude', 'F38') | ('exclude', 'F39') | ('exclude', 'F40') | ('exclude', 'F41') | ('exclude', 'F42') | ('exclude', 'F43') | ('exclude', 'F44') | ('exclude', 'F45') | ('exclude', 'F46') | ('exclude', 'F47') | ('exclude', 'F48') | ('exclude', 'F49')",0,True,0.0,8,True,4.54,532.7,0,9
v2_052_T3,T3,kg_no_context,False,optimal,False,False,True,0,,0.9412,1.0,0.9697,"('min', 'protein_g', 69.6)",,0,True,0.0,9,True,4.56,253.9,12,10
v2_052_T3,T3,kg_full,False,optimal,False,False,True,0,,1.0,1.0,1.0,,,0,True,0.0,9,True,4.54,271.8,12,9
v2_053_T3,T3,llmn_like,False,optimal,False,False,True,0,,1.0,0.1538,0.2667,,"('exclude', 'F14') | ('exclude', 'F15') | ('exclude', 'F16') | ('exclude', 'F44') | ('exclude', 'F45') | ('exclude', 'F46') | ('exclude', 'F47') | ('exclude', 'F48') | ('exclude', 'F49') | ('max', 'sodium_mg', 1500.0) | ('min', 'potassium_mg', 3500.0)",0,True,0.0,8,True,4.94,411.9,2,5
v2_053_T3,T3,flat_table,False,optimal,False,False,True,0,,1.0,0.5385,0.7,,"('exclude', 'F14') | ('exclude', 'F15') | ('exclude', 'F16') | ('exclude', 'F44') | ('exclude', 'F45') | ('exclude', 'F46')",0,True,0.0,9,True,4.66,309.0,5,7
v2_053_T3,T3,kg_no_hierarchy,False,optimal,False,False,True,0,,1.0,0.5385,0.7,,"('exclude', 'F14') | ('exclude', 'F15') | ('exclude', 'F16') | ('exclude', 'F44') | ('exclude', 'F45') | ('exclude', 'F46')",0,True,0.0,9,True,4.66,313.6,5,7
v2_053_T3,T3,kg_no_context,False,optimal,False,False,True,0,,1.0,1.0,1.0,,,0,True,0.0,9,True,4.76,45.1,11,7
v2_053_T3,T3,kg_full,False,optimal,False,False,True,0,,1.0,1.0,1.0,,,0,True,0.0,9,True,4.76,45.0,11,7
v2_054_T3,T3,llmn_like,False,optimal,False,False,True,1,hypertension REQUIRES potassium_mg 3500 per_day (plan: 2966.58),1.0,0.1538,0.2667,,"('exclude', 'F14') | ('exclude', 'F15') | ('exclude', 'F16') | ('exclude', 'F44') | ('exclude', 'F45') | ('exclude', 'F46') | ('exclude', 'F47') | ('exclude', 'F48') | ('exclude', 'F49') | ('max', 'sodium_mg', 1500.0) | ('min', 'potassium_mg', 3500.0)",0,True,0.0,8,True,3.8,381.0,2,5
v2_054_T3,T3,flat_table,False,optimal,False,False,True,0,,1.0,0.5385,0.7,,"('exclude', 'F14') | ('exclude', 'F15') | ('exclude', 'F16') | ('exclude', 'F44') | ('exclude', 'F45') | ('exclude', 'F46')",0,True,0.0,8,True,3.94,307.1,5,7
v2_054_T3,T3,kg_no_hierarchy,False,optimal,False,False,True,0,,1.0,0.5385,0.7,,"('exclude', 'F14') | ('exclude', 'F15') | ('exclude', 'F16') | ('exclude', 'F44') | ('exclude', 'F45') | ('exclude', 'F46')",0,True,0.0,8,True,3.94,357.4,5,7
v2_054_T3,T3,kg_no_context,False,optimal,False,False,True,0,,1.0,1.0,1.0,,,0,True,0.0,8,True,3.81,319.4,11,7
v2_054_T3,T3,kg_full,False,optimal,False,False,True,0,,1.0,1.0,1.0,,,0,True,0.0,8,True,3.81,356.9,11,7
v2_055_T3,T3,llmn_like,False,optimal,False,False,True,1,ckd3 LIMITS protein_g 0.6 per_kg (plan: 79.93),1.0,0.2,0.3333,,"('exclude', 'F40') | ('exclude', 'F42') | ('max', 'protein_g', 45.0) | ('max', 'sodium_mg', 2300.0)",0,True,0.0,9,True,4.26,424.7,1,5
v2_055_T3,T3,flat_table,False,optimal,False,False,True,0,,0.7143,1.0,0.8333,"('max', 'protein_g', 60.0) | ('min', 'protein_g', 45.0)",,0,True,0.0348,11,False,7.95,10022.2,3,9
v2_055_T3,T3,kg_no_hierarchy,False,optimal,False,False,True,0,,1.0,1.0,1.0,,,0,True,0.0348,11,False,7.95,10024.6,3,7
v2_055_T3,T3,kg_no_context,False,optimal,False,False,True,0,,0.7143,1.0,0.8333,"('max', 'protein_g', 60.0) | ('min', 'protein_g', 45.0)",,0,True,0.0348,11,False,7.95,10028.0,3,9
v2_055_T3,T3,kg_full,False,optimal,False,False,True,0,,1.0,1.0,1.0,,,0,True,0.0348,11,False,7.95,10038.4,3,7
v2_056_T3,T3,llmn_like,False,optimal,False,False,True,2,Cheddar cheese: phenelzine avoid aged_cheese | ckd3 LIMITS protein_g 0.6 per_kg (plan: 73.74),1.0,0.2,0.3333,,"('exclude', 'F40') | ('exclude', 'F42') | ('max', 'protein_g', 55.8) | ('max', 'sodium_mg', 2300.0)",0,True,0.0,10,True,4.12,422.3,1,5
v2_056_T3,T3,flat_table,False,optimal,False,False,True,0,,0.7143,1.0,0.8333,"('max', 'protein_g', 74.4) | ('min', 'protein_g', 55.8)",,0,True,0.0008,9,False,4.68,10031.1,3,9
v2_056_T3,T3,kg_no_hierarchy,False,optimal,False,False,True,0,,1.0,1.0,1.0,,,0,True,0.0008,9,False,4.68,10036.7,3,7
v2_056_T3,T3,kg_no_context,False,optimal,False,False,True,0,,0.7143,1.0,0.8333,"('max', 'protein_g', 74.4) | ('min', 'protein_g', 55.8)",,0,True,0.0008,9,False,4.68,10032.1,3,9
v2_056_T3,T3,kg_full,False,optimal,False,False,True,0,,1.0,1.0,1.0,,,0,True,0.0008,9,False,4.68,10023.9,3,7
v2_057_T2,T2,llmn_like,False,optimal,False,False,True,3,Almonds: allergy tree_nut | Cashews: allergy tree_nut | Walnuts: allergy tree_nut,1.0,0.0,0.0,,"('exclude', 'F14') | ('exclude', 'F15') | ('exclude', 'F16')",0,True,0.0,7,True,8.53,423.0,0,5
v2_057_T2,T2,flat_table,False,optimal,False,False,True,3,Almonds: allergy tree_nut | Cashews: allergy tree_nut | Walnuts: allergy tree_nut,1.0,0.0,0.0,,"('exclude', 'F14') | ('exclude', 'F15') | ('exclude', 'F16')",0,True,0.0,7,True,8.53,454.0,0,5
v2_057_T2,T2,kg_no_hierarchy,False,optimal,False,False,True,3,Almonds: allergy tree_nut | Cashews: allergy tree_nut | Walnuts: allergy tree_nut,1.0,0.0,0.0,,"('exclude', 'F14') | ('exclude', 'F15') | ('exclude', 'F16')",0,True,0.0,7,True,8.53,442.7,0,5
v2_057_T2,T2,kg_no_context,False,optimal,False,False,True,0,,1.0,1.0,1.0,,,0,True,0.0,9,True,5.49,34.5,3,5
v2_057_T2,T2,kg_full,False,optimal,False,False,True,0,,1.0,1.0,1.0,,,0,True,0.0,9,True,5.49,33.4,3,5
v2_058_T2,T2,llmn_like,False,optimal,False,False,True,2,Almonds: allergy tree_nut | Walnuts: allergy tree_nut,1.0,0.0,0.0,,"('exclude', 'F14') | ('exclude', 'F15') | ('exclude', 'F16')",0,True,0.0,6,True,5.48,515.6,0,5
v2_058_T2,T2,flat_table,False,optimal,False,False,True,2,Almonds: allergy tree_nut | Walnuts: allergy tree_nut,1.0,0.0,0.0,,"('exclude', 'F14') | ('exclude', 'F15') | ('exclude', 'F16')",0,True,0.0,6,True,5.48,536.8,0,5
v2_058_T2,T2,kg_no_hierarchy,False,optimal,False,False,True,2,Almonds: allergy tree_nut | Walnuts: allergy tree_nut,1.0,0.0,0.0,,"('exclude', 'F14') | ('exclude', 'F15') | ('exclude', 'F16')",0,True,0.0,6,True,5.48,550.8,0,5
v2_058_T2,T2,kg_no_context,False,optimal,False,False,True,0,,1.0,1.0,1.0,,,0,True,0.0,5,True,6.11,397.0,3,5
v2_058_T2,T2,kg_full,False,optimal,False,False,True,0,,1.0,1.0,1.0,,,0,True,0.0,5,True,6.11,416.7,3,5
v2_059_T2,T2,llmn_like,False,optimal,False,False,True,3,Almonds: allergy tree_nut | Cashews: allergy tree_nut | Walnuts: allergy tree_nut,1.0,0.0,0.0,,"('exclude', 'F14') | ('exclude', 'F15') | ('exclude', 'F16')",0,True,0.0,10,True,7.51,92.9,0,5
v2_059_T2,T2,flat_table,False,optimal,False,False,True,3,Almonds: allergy tree_nut | Cashews: allergy tree_nut | Walnuts: allergy tree_nut,1.0,0.0,0.0,,"('exclude', 'F14') | ('exclude', 'F15') | ('exclude', 'F16')",0,True,0.0,10,True,7.51,74.1,0,5
v2_059_T2,T2,kg_no_hierarchy,False,optimal,False,False,True,3,Almonds: allergy tree_nut | Cashews: allergy tree_nut | Walnuts: allergy tree_nut,1.0,0.0,0.0,,"('exclude', 'F14') | ('exclude', 'F15') | ('exclude', 'F16')",0,True,0.0,10,True,7.51,58.1,0,5
v2_059_T2,T2,kg_no_context,False,optimal,False,False,True,0,,1.0,1.0,1.0,,,0,True,0.0,9,True,6.58,58.8,3,5
v2_059_T2,T2,kg_full,False,optimal,False,False,True,0,,1.0,1.0,1.0,,,0,True,0.0,9,True,6.58,59.7,3,5
v2_060_T2,T2,llmn_like,False,optimal,False,False,True,3,Almonds: allergy tree_nut | Cashews: allergy tree_nut | Walnuts: allergy tree_nut,1.0,0.0,0.0,,"('exclude', 'F14') | ('exclude', 'F15') | ('exclude', 'F16')",0,True,0.0,7,True,6.33,482.1,0,5
v2_060_T2,T2,flat_table,False,optimal,False,False,True,3,Almonds: allergy tree_nut | Cashews: allergy tree_nut | Walnuts: allergy tree_nut,1.0,0.0,0.0,,"('exclude', 'F14') | ('exclude', 'F15') | ('exclude', 'F16')",0,True,0.0,7,True,6.33,501.2,0,5
v2_060_T2,T2,kg_no_hierarchy,False,optimal,False,False,True,3,Almonds: allergy tree_nut | Cashews: allergy tree_nut | Walnuts: allergy tree_nut,1.0,0.0,0.0,,"('exclude', 'F14') | ('exclude', 'F15') | ('exclude', 'F16')",0,True,0.0,7,True,6.33,475.4,0,5
v2_060_T2,T2,kg_no_context,False,optimal,False,False,True,0,,1.0,1.0,1.0,,,0,True,0.0,7,True,5.02,328.0,3,5
v2_060_T2,T2,kg_full,False,optimal,False,False,True,0,,1.0,1.0,1.0,,,0,True,0.0,7,True,5.02,287.9,3,5
v2_061_T2,T2,llmn_like,False,optimal,False,False,True,2,Almonds: allergy tree_nut | Walnuts: allergy tree_nut,1.0,0.0,0.0,,"('exclude', 'F14') | ('exclude', 'F15') | ('exclude', 'F16')",0,True,0.0,7,True,6.28,381.9,0,5
v2_061_T2,T2,flat_table,False,optimal,False,False,True,2,Almonds: allergy tree_nut | Walnuts: allergy tree_nut,1.0,0.0,0.0,,"('exclude', 'F14') | ('exclude', 'F15') | ('exclude', 'F16')",0,True,0.0,7,True,6.28,374.4,0,5
v2_061_T2,T2,kg_no_hierarchy,False,optimal,False,False,True,2,Almonds: allergy tree_nut | Walnuts: allergy tree_nut,1.0,0.0,0.0,,"('exclude', 'F14') | ('exclude', 'F15') | ('exclude', 'F16')",0,True,0.0,7,True,6.28,392.6,0,5
v2_061_T2,T2,kg_no_context,False,optimal,False,False,True,0,,1.0,1.0,1.0,,,0,True,0.0,9,True,6.28,82.6,3,5
v2_061_T2,T2,kg_full,False,optimal,False,False,True,0,,1.0,1.0,1.0,,,0,True,0.0,9,True,6.28,78.6,3,5
v2_062_T2,T2,llmn_like,False,optimal,False,False,True,3,Almonds: allergy tree_nut | Cashews: allergy tree_nut | Walnuts: allergy tree_nut,1.0,0.0,0.0,,"('exclude', 'F14') | ('exclude', 'F15') | ('exclude', 'F16')",0,True,0.0,7,True,5.93,492.3,0,5
v2_062_T2,T2,flat_table,False,optimal,False,False,True,3,Almonds: allergy tree_nut | Cashews: allergy tree_nut | Walnuts: allergy tree_nut,1.0,0.0,0.0,,"('exclude', 'F14') | ('exclude', 'F15') | ('exclude', 'F16')",0,True,0.0,7,True,5.93,430.4,0,5
v2_062_T2,T2,kg_no_hierarchy,False,optimal,False,False,True,3,Almonds: allergy tree_nut | Cashews: allergy tree_nut | Walnuts: allergy tree_nut,1.0,0.0,0.0,,"('exclude', 'F14') | ('exclude', 'F15') | ('exclude', 'F16')",0,True,0.0,7,True,5.93,504.8,0,5
v2_062_T2,T2,kg_no_context,False,optimal,False,False,True,0,,1.0,1.0,1.0,,,0,True,0.0,9,True,6.61,61.7,3,5
v2_062_T2,T2,kg_full,False,optimal,False,False,True,0,,1.0,1.0,1.0,,,0,True,0.0,9,True,6.61,61.5,3,5
v2_063_T2,T2,llmn_like,False,optimal,False,False,True,0,,1.0,0.0,0.0,,"('exclude', 'F47') | ('exclude', 'F48') | ('exclude', 'F49')",0,True,0.0,8,True,6.36,84.0,0,5
v2_063_T2,T2,flat_table,False,optimal,False,False,True,0,,1.0,0.0,0.0,,"('exclude', 'F47') | ('exclude', 'F48') | ('exclude', 'F49')",0,True,0.0,8,True,6.36,69.4,0,5
v2_063_T2,T2,kg_no_hierarchy,False,optimal,False,False,True,0,,1.0,0.0,0.0,,"('exclude', 'F47') | ('exclude', 'F48') | ('exclude', 'F49')",0,True,0.0,8,True,6.36,66.7,0,5
v2_063_T2,T2,kg_no_context,False,optimal,False,False,True,0,,1.0,1.0,1.0,,,0,True,0.0,7,True,6.79,36.1,3,5
v2_063_T2,T2,kg_full,False,optimal,False,False,True,0,,1.0,1.0,1.0,,,0,True,0.0,7,True,6.79,33.9,3,5
v2_064_T2,T2,llmn_like,False,optimal,False,False,True,0,,1.0,0.0,0.0,,"('exclude', 'F47') | ('exclude', 'F48') | ('exclude', 'F49')",0,True,0.0,9,True,7.36,72.0,0,5
v2_064_T2,T2,flat_table,False,optimal,False,False,True,0,,1.0,0.0,0.0,,"('exclude', 'F47') | ('exclude', 'F48') | ('exclude', 'F49')",0,True,0.0,9,True,7.36,59.3,0,5
v2_064_T2,T2,kg_no_hierarchy,False,optimal,False,False,True,0,,1.0,0.0,0.0,,"('exclude', 'F47') | ('exclude', 'F48') | ('exclude', 'F49')",0,True,0.0,9,True,7.36,58.1,0,5
v2_064_T2,T2,kg_no_context,False,optimal,False,False,True,0,,1.0,1.0,1.0,,,0,True,0.0,9,True,8.53,59.3,3,5
v2_064_T2,T2,kg_full,False,optimal,False,False,True,0,,1.0,1.0,1.0,,,0,True,0.0,9,True,8.53,52.5,3,5
v2_065_T2,T2,llmn_like,False,optimal,False,False,True,0,,1.0,0.0,0.0,,"('exclude', 'F47') | ('exclude', 'F48') | ('exclude', 'F49')",0,True,0.0,8,True,6.36,69.7,0,5
v2_065_T2,T2,flat_table,False,optimal,False,False,True,0,,1.0,0.0,0.0,,"('exclude', 'F47') | ('exclude', 'F48') | ('exclude', 'F49')",0,True,0.0,8,True,6.36,75.7,0,5
v2_065_T2,T2,kg_no_hierarchy,False,optimal,False,False,True,0,,1.0,0.0,0.0,,"('exclude', 'F47') | ('exclude', 'F48') | ('exclude', 'F49')",0,True,0.0,8,True,6.36,67.1,0,5
v2_065_T2,T2,kg_no_context,False,optimal,False,False,True,0,,1.0,1.0,1.0,,,0,True,0.0,7,True,6.79,34.1,3,5
v2_065_T2,T2,kg_full,False,optimal,False,False,True,0,,1.0,1.0,1.0,,,0,True,0.0,7,True,6.79,34.9,3,5
v2_066_T2,T2,llmn_like,False,optimal,False,False,True,0,,1.0,0.0,0.0,,"('exclude', 'F47') | ('exclude', 'F48') | ('exclude', 'F49')",0,True,0.0,7,True,6.75,58.7,0,5
v2_066_T2,T2,flat_table,False,optimal,False,False,True,0,,1.0,0.0,0.0,,"('exclude', 'F47') | ('exclude', 'F48') | ('exclude', 'F49')",0,True,0.0,7,True,6.75,57.4,0,5
v2_066_T2,T2,kg_no_hierarchy,False,optimal,False,False,True,0,,1.0,0.0,0.0,,"('exclude', 'F47') | ('exclude', 'F48') | ('exclude', 'F49')",0,True,0.0,7,True,6.75,55.2,0,5
v2_066_T2,T2,kg_no_context,False,optimal,False,False,True,0,,1.0,1.0,1.0,,,0,True,0.0,8,True,6.88,56.3,3,5
v2_066_T2,T2,kg_full,False,optimal,False,False,True,0,,1.0,1.0,1.0,,,0,True,0.0,8,True,6.88,54.9,3,5
v2_067_T2,T2,llmn_like,False,optimal,False,False,True,0,,1.0,0.0,0.0,,"('exclude', 'F47') | ('exclude', 'F48') | ('exclude', 'F49')",0,True,0.0,8,True,6.36,65.6,0,5
v2_067_T2,T2,flat_table,False,optimal,False,False,True,0,,1.0,0.0,0.0,,"('exclude', 'F47') | ('exclude', 'F48') | ('exclude', 'F49')",0,True,0.0,8,True,6.36,67.3,0,5
v2_067_T2,T2,kg_no_hierarchy,False,optimal,False,False,True,0,,1.0,0.0,0.0,,"('exclude', 'F47') | ('exclude', 'F48') | ('exclude', 'F49')",0,True,0.0,8,True,6.36,66.1,0,5
v2_067_T2,T2,kg_no_context,False,optimal,False,False,True,0,,1.0,1.0,1.0,,,0,True,0.0,7,True,6.79,36.0,3,5
v2_067_T2,T2,kg_full,False,optimal,False,False,True,0,,1.0,1.0,1.0,,,0,True,0.0,7,True,6.79,35.0,3,5
v2_068_T2,T2,llmn_like,False,optimal,False,False,True,0,,1.0,0.0,0.0,,"('exclude', 'F47') | ('exclude', 'F48') | ('exclude', 'F49')",0,True,0.0,6,True,5.25,42.3,0,5
v2_068_T2,T2,flat_table,False,optimal,False,False,True,0,,1.0,0.0,0.0,,"('exclude', 'F47') | ('exclude', 'F48') | ('exclude', 'F49')",0,True,0.0,6,True,5.25,40.0,0,5
v2_068_T2,T2,kg_no_hierarchy,False,optimal,False,False,True,0,,1.0,0.0,0.0,,"('exclude', 'F47') | ('exclude', 'F48') | ('exclude', 'F49')",0,True,0.0,6,True,5.25,45.8,0,5
v2_068_T2,T2,kg_no_context,False,optimal,False,False,True,0,,1.0,1.0,1.0,,,0,True,0.0,8,True,6.89,35.3,3,5
v2_068_T2,T2,kg_full,False,optimal,False,False,True,0,,1.0,1.0,1.0,,,0,True,0.0,8,True,6.89,51.3,3,5
v2_069_T2,T2,llmn_like,False,optimal,False,False,True,3,Milk (2% fat): vegan forbids animal_food | Greek yogurt (plain nonfat): vegan forbids animal_food | Cheddar cheese: vegan forbids animal_food,1.0,0.0,0.0,,"('exclude', 'F38') | ('exclude', 'F39') | ('exclude', 'F40') | ('exclude', 'F41') | ('exclude', 'F42') | ('exclude', 'F43') | ('exclude', 'F44') | ('exclude', 'F45') | ('exclude', 'F46') | ('exclude', 'F47') | ('exclude', 'F48') | ('exclude', 'F49')",0,True,0.0,8,True,6.04,38.9,0,5
v2_069_T2,T2,flat_table,False,optimal,False,False,True,3,Milk (2% fat): vegan forbids animal_food | Greek yogurt (plain nonfat): vegan forbids animal_food | Cheddar cheese: vegan forbids animal_food,1.0,0.0,0.0,,"('exclude', 'F38') | ('exclude', 'F39') | ('exclude', 'F40') | ('exclude', 'F41') | ('exclude', 'F42') | ('exclude', 'F43') | ('exclude', 'F44') | ('exclude', 'F45') | ('exclude', 'F46') | ('exclude', 'F47') | ('exclude', 'F48') | ('exclude', 'F49')",0,True,0.0,8,True,6.04,41.1,0,5
v2_069_T2,T2,kg_no_hierarchy,False,optimal,False,False,True,3,Milk (2% fat): vegan forbids animal_food | Greek yogurt (plain nonfat): vegan forbids animal_food | Cheddar cheese: vegan forbids animal_food,1.0,0.0,0.0,,"('exclude', 'F38') | ('exclude', 'F39') | ('exclude', 'F40') | ('exclude', 'F41') | ('exclude', 'F42') | ('exclude', 'F43') | ('exclude', 'F44') | ('exclude', 'F45') | ('exclude', 'F46') | ('exclude', 'F47') | ('exclude', 'F48') | ('exclude', 'F49')",0,True,0.0,8,True,6.04,45.4,0,5
v2_069_T2,T2,kg_no_context,False,optimal,False,False,True,0,,1.0,1.0,1.0,,,0,True,0.0,7,True,6.08,317.4,12,5
v2_069_T2,T2,kg_full,False,optimal,False,False,True,0,,1.0,1.0,1.0,,,0,True,0.0,7,True,6.08,356.9,12,5
v2_070_T2,T2,llmn_like,False,optimal,False,False,True,3,Milk (2% fat): vegan forbids animal_food | Greek yogurt (plain nonfat): vegan forbids animal_food | Cheddar cheese: vegan forbids animal_food,1.0,0.0,0.0,,"('exclude', 'F38') | ('exclude', 'F39') | ('exclude', 'F40') | ('exclude', 'F41') | ('exclude', 'F42') | ('exclude', 'F43') | ('exclude', 'F44') | ('exclude', 'F45') | ('exclude', 'F46') | ('exclude', 'F47') | ('exclude', 'F48') | ('exclude', 'F49')",0,True,0.0,8,True,7.5,54.1,0,5
v2_070_T2,T2,flat_table,False,optimal,False,False,True,3,Milk (2% fat): vegan forbids animal_food | Greek yogurt (plain nonfat): vegan forbids animal_food | Cheddar cheese: vegan forbids animal_food,1.0,0.0,0.0,,"('exclude', 'F38') | ('exclude', 'F39') | ('exclude', 'F40') | ('exclude', 'F41') | ('exclude', 'F42') | ('exclude', 'F43') | ('exclude', 'F44') | ('exclude', 'F45') | ('exclude', 'F46') | ('exclude', 'F47') | ('exclude', 'F48') | ('exclude', 'F49')",0,True,0.0,8,True,7.5,62.0,0,5
v2_070_T2,T2,kg_no_hierarchy,False,optimal,False,False,True,3,Milk (2% fat): vegan forbids animal_food | Greek yogurt (plain nonfat): vegan forbids animal_food | Cheddar cheese: vegan forbids animal_food,1.0,0.0,0.0,,"('exclude', 'F38') | ('exclude', 'F39') | ('exclude', 'F40') | ('exclude', 'F41') | ('exclude', 'F42') | ('exclude', 'F43') | ('exclude', 'F44') | ('exclude', 'F45') | ('exclude', 'F46') | ('exclude', 'F47') | ('exclude', 'F48') | ('exclude', 'F49')",0,True,0.0,8,True,7.5,53.9,0,5
v2_070_T2,T2,kg_no_context,False,optimal,False,False,True,0,,1.0,1.0,1.0,,,0,True,0.0009,8,True,6.5,29.9,12,5
v2_070_T2,T2,kg_full,False,optimal,False,False,True,0,,1.0,1.0,1.0,,,0,True,0.0009,8,True,6.5,39.0,12,5
v2_071_T2,T2,llmn_like,False,optimal,False,False,True,3,Milk (2% fat): vegan forbids animal_food | Greek yogurt (plain nonfat): vegan forbids animal_food | Cheddar cheese: vegan forbids animal_food,1.0,0.0,0.0,,"('exclude', 'F38') | ('exclude', 'F39') | ('exclude', 'F40') | ('exclude', 'F41') | ('exclude', 'F42') | ('exclude', 'F43') | ('exclude', 'F44') | ('exclude', 'F45') | ('exclude', 'F46') | ('exclude', 'F47') | ('exclude', 'F48') | ('exclude', 'F49')",0,True,0.0,8,True,6.56,33.1,0,5
v2_071_T2,T2,flat_table,False,optimal,False,False,True,3,Milk (2% fat): vegan forbids animal_food | Greek yogurt (plain nonfat): vegan forbids animal_food | Cheddar cheese: vegan forbids animal_food,1.0,0.0,0.0,,"('exclude', 'F38') | ('exclude', 'F39') | ('exclude', 'F40') | ('exclude', 'F41') | ('exclude', 'F42') | ('exclude', 'F43') | ('exclude', 'F44') | ('exclude', 'F45') | ('exclude', 'F46') | ('exclude', 'F47') | ('exclude', 'F48') | ('exclude', 'F49')",0,True,0.0,8,True,6.56,53.9,0,5
v2_071_T2,T2,kg_no_hierarchy,False,optimal,False,False,True,3,Milk (2% fat): vegan forbids animal_food | Greek yogurt (plain nonfat): vegan forbids animal_food | Cheddar cheese: vegan forbids animal_food,1.0,0.0,0.0,,"('exclude', 'F38') | ('exclude', 'F39') | ('exclude', 'F40') | ('exclude', 'F41') | ('exclude', 'F42') | ('exclude', 'F43') | ('exclude', 'F44') | ('exclude', 'F45') | ('exclude', 'F46') | ('exclude', 'F47') | ('exclude', 'F48') | ('exclude', 'F49')",0,True,0.0,8,True,6.56,34.3,0,5
v2_071_T2,T2,kg_no_context,False,optimal,False,False,True,0,,1.0,1.0,1.0,,,0,True,0.0,7,True,6.39,342.0,12,5
v2_071_T2,T2,kg_full,False,optimal,False,False,True,0,,1.0,1.0,1.0,,,0,True,0.0,7,True,6.39,334.5,12,5
v2_072_T2,T2,llmn_like,False,optimal,False,False,True,3,Carrot (raw): jain forbids root_vegetable | Sweet potato (baked): jain forbids root_vegetable | Onion (raw): jain forbids root_vegetable,1.0,0.0,0.0,,"('exclude', 'F22') | ('exclude', 'F23') | ('exclude', 'F24') | ('exclude', 'F25') | ('exclude', 'F43') | ('exclude', 'F44') | ('exclude', 'F45') | ('exclude', 'F46') | ('exclude', 'F47') | ('exclude', 'F48') | ('exclude', 'F49')",0,True,0.0,9,True,7.52,57.5,0,5
v2_072_T2,T2,flat_table,False,optimal,False,False,True,0,,1.0,0.7273,0.8421,,"('exclude', 'F44') | ('exclude', 'F45') | ('exclude', 'F46')",0,True,0.0,6,True,9.4,353.4,8,5
v2_072_T2,T2,kg_no_hierarchy,False,optimal,False,False,True,0,,1.0,0.7273,0.8421,,"('exclude', 'F44') | ('exclude', 'F45') | ('exclude', 'F46')",0,True,0.0,6,True,9.4,371.5,8,5
v2_072_T2,T2,kg_no_context,False,optimal,False,False,True,0,,1.0,1.0,1.0,,,0,True,0.0,8,True,8.66,121.5,11,5
v2_072_T2,T2,kg_full,False,optimal,False,False,True,0,,1.0,1.0,1.0,,,0,True,0.0,8,True,8.66,127.2,11,5
v2_073_T2,T2,llmn_like,False,optimal,False,False,True,3,Carrot (raw): jain forbids root_vegetable | Sweet potato (baked): jain forbids root_vegetable | Onion (raw): jain forbids root_vegetable,1.0,0.0,0.0,,"('exclude', 'F22') | ('exclude', 'F23') | ('exclude', 'F24') | ('exclude', 'F25') | ('exclude', 'F43') | ('exclude', 'F44') | ('exclude', 'F45') | ('exclude', 'F46') | ('exclude', 'F47') | ('exclude', 'F48') | ('exclude', 'F49')",0,True,0.0,8,True,6.16,54.8,0,5
v2_073_T2,T2,flat_table,False,optimal,False,False,True,0,,1.0,0.7273,0.8421,,"('exclude', 'F44') | ('exclude', 'F45') | ('exclude', 'F46')",0,True,0.0,6,True,8.04,55.2,8,5
v2_073_T2,T2,kg_no_hierarchy,False,optimal,False,False,True,0,,1.0,0.7273,0.8421,,"('exclude', 'F44') | ('exclude', 'F45') | ('exclude', 'F46')",0,True,0.0,6,True,8.04,58.0,8,5
v2_073_T2,T2,kg_no_context,False,optimal,False,False,True,0,,1.0,1.0,1.0,,,0,True,0.0,5,True,5.09,290.1,11,5
v2_073_T2,T2,kg_full,False,optimal,False,False,True,0,,1.0,1.0,1.0,,,0,True,0.0,5,True,5.09,300.7,11,5
v2_074_T2,T2,llmn_like,False,optimal,False,False,True,3,Carrot (raw): jain forbids root_vegetable | Sweet potato (baked): jain forbids root_vegetable | Onion (raw): jain forbids root_vegetable,1.0,0.0,0.0,,"('exclude', 'F22') | ('exclude', 'F23') | ('exclude', 'F24') | ('exclude', 'F25') | ('exclude', 'F43') | ('exclude', 'F44') | ('exclude', 'F45') | ('exclude', 'F46') | ('exclude', 'F47') | ('exclude', 'F48') | ('exclude', 'F49')",0,True,0.0,9,True,6.02,36.4,0,5
v2_074_T2,T2,flat_table,False,optimal,False,False,True,0,,1.0,0.7273,0.8421,,"('exclude', 'F44') | ('exclude', 'F45') | ('exclude', 'F46')",0,True,0.0,6,True,8.1,49.6,8,5
v2_074_T2,T2,kg_no_hierarchy,False,optimal,False,False,True,0,,1.0,0.7273,0.8421,,"('exclude', 'F44') | ('exclude', 'F45') | ('exclude', 'F46')",0,True,0.0,6,True,8.1,47.4,8,5
v2_074_T2,T2,kg_no_context,False,optimal,False,False,True,0,,1.0,1.0,1.0,,,0,True,0.0,7,True,8.96,78.8,11,5
v2_074_T2,T2,kg_full,False,optimal,False,False,True,0,,1.0,1.0,1.0,,,0,True,0.0,7,True,8.96,59.0,11,5
v2_075_T3,T3,llmn_like,False,optimal,False,False,True,1,ckd3 LIMITS protein_g 0.6 per_kg (plan: 74.41),1.0,0.0,0.0,,"('max', 'protein_g', 31.8) | ('max', 'sodium_mg', 1500.0) | ('max', 'sodium_mg', 2300.0)",0,True,0.0,6,True,5.28,294.9,0,5
v2_075_T3,T3,flat_table,False,optimal,False,False,True,0,,0.5,1.0,0.6667,"('max', 'protein_g', 42.4) | ('min', 'potassium_mg', 3500.0) | ('min', 'protein_g', 31.8)",,0,True,0.1119,10,True,9.44,1562.0,0,11
v2_075_T3,T3,kg_no_hierarchy,False,optimal,False,False,True,0,,1.0,1.0,1.0,,,0,True,0.1128,10,True,8.88,1697.3,0,8
v2_075_T3,T3,kg_no_context,False,optimal,False,False,True,0,,0.5,1.0,0.6667,"('max', 'protein_g', 42.4) | ('min', 'potassium_mg', 3500.0) | ('min', 'protein_g', 31.8)",,0,True,0.1119,10,True,9.44,1595.0,0,11
v2_075_T3,T3,kg_full,False,optimal,False,False,True,0,,1.0,1.0,1.0,,,0,True,0.1128,10,True,8.88,1685.9,0,8
v2_076_T3,T3,llmn_like,False,optimal,False,False,True,1,ckd3 LIMITS protein_g 0.6 per_kg (plan: 82.8),1.0,0.0,0.0,,"('max', 'protein_g', 53.4) | ('max', 'sodium_mg', 1500.0) | ('max', 'sodium_mg', 2300.0)",0,True,0.0,6,True,5.84,153.0,0,5
v2_076_T3,T3,flat_table,False,optimal,False,False,True,0,,0.5,1.0,0.6667,"('max', 'protein_g', 71.2) | ('min', 'potassium_mg', 3500.0) | ('min', 'protein_g', 53.4)",,0,True,0.0084,9,True,6.71,952.3,0,11
v2_076_T3,T3,kg_no_hierarchy,False,optimal,False,False,True,0,,1.0,1.0,1.0,,,0,True,0.0071,10,True,8.39,376.5,0,8
v2_076_T3,T3,kg_no_context,False,optimal,False,False,True,0,,0.5,1.0,0.6667,"('max', 'protein_g', 71.2) | ('min', 'potassium_mg', 3500.0) | ('min', 'protein_g', 53.4)",,0,True,0.0084,9,True,6.71,933.9,0,11
v2_076_T3,T3,kg_full,False,optimal,False,False,True,0,,1.0,1.0,1.0,,,0,True,0.0071,10,True,8.39,464.7,0,8
v2_077_T3,T3,llmn_like,False,optimal,False,False,True,1,ckd3 LIMITS protein_g 0.6 per_kg (plan: 150),1.0,0.0,0.0,,"('max', 'protein_g', 34.8) | ('max', 'sodium_mg', 1500.0) | ('max', 'sodium_mg', 2300.0)",0,True,0.0,6,True,7.84,329.6,0,5
v2_077_T3,T3,flat_table,False,optimal,False,False,True,0,,0.5,1.0,0.6667,"('max', 'protein_g', 46.4) | ('min', 'potassium_mg', 3500.0) | ('min', 'protein_g', 34.8)",,0,True,0.09,11,True,9.36,2203.4,0,11
v2_077_T3,T3,kg_no_hierarchy,False,optimal,False,False,True,0,,1.0,1.0,1.0,,,0,True,0.09,11,True,9.36,1925.2,0,8
v2_077_T3,T3,kg_no_context,False,optimal,False,False,True,0,,0.5,1.0,0.6667,"('max', 'protein_g', 46.4) | ('min', 'potassium_mg', 3500.0) | ('min', 'protein_g', 34.8)",,0,True,0.09,11,True,9.36,1935.7,0,11
v2_077_T3,T3,kg_full,False,optimal,False,False,True,0,,1.0,1.0,1.0,,,0,True,0.09,11,True,9.36,1711.6,0,8
v2_078_T3,T3,llmn_like,False,optimal,False,False,True,1,ckd3 LIMITS protein_g 0.6 per_kg (plan: 142.91),1.0,0.0,0.0,,"('max', 'protein_g', 33.0) | ('max', 'sodium_mg', 1500.0) | ('max', 'sodium_mg', 2300.0)",0,True,0.0,9,True,8.75,33.9,0,5
v2_078_T3,T3,flat_table,False,optimal,False,False,True,0,,0.5,1.0,0.6667,"('max', 'protein_g', 44.0) | ('min', 'potassium_mg', 3500.0) | ('min', 'protein_g', 33.0)",,0,True,0.1072,10,True,9.24,1209.1,0,11
v2_078_T3,T3,kg_no_hierarchy,False,optimal,False,False,True,0,,1.0,1.0,1.0,,,0,True,0.1072,10,True,9.23,1017.7,0,8
v2_078_T3,T3,kg_no_context,False,optimal,False,False,True,0,,0.5,1.0,0.6667,"('max', 'protein_g', 44.0) | ('min', 'potassium_mg', 3500.0) | ('min', 'protein_g', 33.0)",,0,True,0.1072,10,True,9.24,1193.9,0,11
v2_078_T3,T3,kg_full,False,optimal,False,False,True,0,,1.0,1.0,1.0,,,0,True,0.1072,10,True,9.23,1000.8,0,8
v2_079_T3,T3,llmn_like,False,optimal,False,False,True,1,ckd3 LIMITS protein_g 0.6 per_kg (plan: 142.91),1.0,0.0,0.0,,"('max', 'protein_g', 32.4) | ('max', 'sodium_mg', 1500.0) | ('max', 'sodium_mg', 2300.0)",0,True,0.0,9,True,8.75,32.7,0,5
v2_079_T3,T3,flat_table,False,optimal,False,False,True,0,,0.5,1.0,0.6667,"('max', 'protein_g', 43.2) | ('min', 'potassium_mg', 3500.0) | ('min', 'protein_g', 32.4)",,0,True,0.1171,10,True,9.29,3358.4,0,11
v2_079_T3,T3,kg_no_hierarchy,False,optimal,False,False,True,0,,1.0,1.0,1.0,,,0,True,0.1172,10,True,8.79,3051.5,0,8
v2_079_T3,T3,kg_no_context,False,optimal,False,False,True,0,,0.5,1.0,0.6667,"('max', 'protein_g', 43.2) | ('min', 'potassium_mg', 3500.0) | ('min', 'protein_g', 32.4)",,0,True,0.1171,10,True,9.29,3286.7,0,11
v2_079_T3,T3,kg_full,False,optimal,False,False,True,0,,1.0,1.0,1.0,,,0,True,0.1172,10,True,8.79,2926.6,0,8
v2_080_T3,T3,llmn_like,False,optimal,False,False,True,1,ckd3 LIMITS protein_g 0.6 per_kg (plan: 136.43),1.0,0.0,0.0,,"('max', 'protein_g', 48.6) | ('max', 'sodium_mg', 1500.0) | ('max', 'sodium_mg', 2300.0)",0,True,0.0,7,True,7.48,34.7,0,5
v2_080_T3,T3,flat_table,False,optimal,False,False,True,0,,0.5,1.0,0.6667,"('max', 'protein_g', 64.8) | ('min', 'potassium_mg', 3500.0) | ('min', 'protein_g', 48.6)",,0,True,0.022,9,True,6.97,380.0,0,11
v2_080_T3,T3,kg_no_hierarchy,False,optimal,False,False,True,0,,1.0,1.0,1.0,,,0,True,0.0221,9,True,6.89,350.1,0,8
v2_080_T3,T3,kg_no_context,False,optimal,False,False,True,0,,0.5,1.0,0.6667,"('max', 'protein_g', 64.8) | ('min', 'potassium_mg', 3500.0) | ('min', 'protein_g', 48.6)",,0,True,0.022,9,True,6.97,371.7,0,11
v2_080_T3,T3,kg_full,False,optimal,False,False,True,0,,1.0,1.0,1.0,,,0,True,0.0221,9,True,6.89,361.6,0,8
v2_081_T3,T3,llmn_like,False,optimal,False,False,True,1,ckd3 LIMITS protein_g 0.8 per_kg (plan: 143.51),1.0,0.0,0.0,,"('max', 'protein_g', 64.8) | ('max', 'sodium_mg', 2300.0) | ('min', 'protein_g', 48.6) | ('min', 'protein_g', 64.8) | ('per_1000kcal_min', 'fiber_g', 14.0)",0,True,0.0,8,True,8.71,42.5,0,5
v2_081_T3,T3,flat_table,False,infeasible_relaxed,False,True,False,1,t2dm REQUIRES protein_g 0.8 per_kg (plan: 48.6),0.8333,1.0,0.9091,"('max', 'protein_g', 48.6)",,0,True,0.022,11,True,9.54,407.9,0,12
v2_081_T3,T3,kg_no_hierarchy,False,optimal,False,False,True,0,,1.0,1.0,1.0,,,0,True,0.0,9,True,5.61,540.9,0,11
v2_081_T3,T3,kg_no_context,False,infeasible_relaxed,False,True,False,1,t2dm REQUIRES protein_g 0.8 per_kg (plan: 48.6),0.8333,1.0,0.9091,"('max', 'protein_g', 48.6)",,0,True,0.022,11,True,9.54,427.9,0,12
v2_081_T3,T3,kg_full,False,optimal,False,False,True,0,,1.0,1.0,1.0,,,0,True,0.0,9,True,5.61,545.8,0,11
v2_082_T3,T3,llmn_like,False,optimal,False,False,True,1,ckd3 LIMITS protein_g 0.8 per_kg (plan: 74.41),1.0,0.0,0.0,,"('max', 'protein_g', 54.4) | ('max', 'sodium_mg', 2300.0) | ('min', 'protein_g', 40.8) | ('min', 'protein_g', 54.4) | ('per_1000kcal_min', 'fiber_g', 14.0)",0,True,0.0,6,True,5.28,301.3,0,5
v2_082_T3,T3,flat_table,False,infeasible_relaxed,False,True,False,1,t2dm REQUIRES protein_g 0.8 per_kg (plan: 40.81),0.8333,1.0,0.9091,"('max', 'protein_g', 40.8)",,0,True,0.053,9,True,8.43,308.3,0,12
v2_082_T3,T3,kg_no_hierarchy,False,optimal,False,False,True,0,,1.0,1.0,1.0,,,0,True,0.0,9,True,5.63,439.5,0,11
v2_082_T3,T3,kg_no_context,False,infeasible_relaxed,False,True,False,1,t2dm REQUIRES protein_g 0.8 per_kg (plan: 40.81),0.8333,1.0,0.9091,"('max', 'protein_g', 40.8)",,0,True,0.053,9,True,8.43,299.4,0,12
v2_082_T3,T3,kg_full,False,optimal,False,False,True,0,,1.0,1.0,1.0,,,0,True,0.0,9,True,5.63,489.5,0,11
v2_083_T3,T3,llmn_like,False,optimal,False,False,True,2,t2dm REQUIRES fiber_g 14 per_1000kcal (plan: 23.45) | ckd3 LIMITS protein_g 0.8 per_kg (plan: 142.91),1.0,0.0,0.0,,"('max', 'protein_g', 44.8) | ('max', 'sodium_mg', 2300.0) | ('min', 'protein_g', 33.6) | ('min', 'protein_g', 44.8) | ('per_1000kcal_min', 'fiber_g', 14.0)",0,True,0.0,9,True,8.75,32.2,0,5
v2_083_T3,T3,flat_table,False,infeasible_relaxed,False,True,False,1,t2dm REQUIRES protein_g 0.8 per_kg (plan: 33.59),0.8333,1.0,0.9091,"('max', 'protein_g', 33.6)",,0,True,0.1054,10,True,8.71,355.9,0,12
v2_083_T3,T3,kg_no_hierarchy,False,optimal,False,False,True,0,,1.0,1.0,1.0,,,0,True,0.005,10,True,8.96,1132.7,0,11
v2_083_T3,T3,kg_no_context,False,infeasible_relaxed,False,True,False,1,t2dm REQUIRES protein_g 0.8 per_kg (plan: 33.59),0.8333,1.0,0.9091,"('max', 'protein_g', 33.6)",,0,True,0.1054,10,True,8.71,380.2,0,12
v2_083_T3,T3,kg_full,False,optimal,False,False,True,0,,1.0,1.0,1.0,,,0,True,0.005,10,True,8.96,1144.1,0,11
v2_084_T3,T3,llmn_like,False,optimal,False,False,True,1,ckd3 LIMITS protein_g 0.8 per_kg (plan: 150),1.0,0.0,0.0,,"('max', 'protein_g', 52.8) | ('max', 'sodium_mg', 2300.0) | ('min', 'protein_g', 39.6) | ('min', 'protein_g', 52.8) | ('per_1000kcal_min', 'fiber_g', 14.0)",0,True,0.0,6,True,7.84,343.2,0,5
v2_084_T3,T3,flat_table,False,infeasible_relaxed,False,True,False,1,t2dm REQUIRES protein_g 0.8 per_kg (plan: 39.62),0.8333,1.0,0.9091,"('max', 'protein_g', 39.6)",,0,True,0.0609,9,True,10.08,331.7,0,12
v2_084_T3,T3,kg_no_hierarchy,False,optimal,False,False,True,0,,1.0,1.0,1.0,,,0,True,0.0,9,True,6.32,570.1,0,11
v2_084_T3,T3,kg_no_context,False,infeasible_relaxed,False,True,False,1,t2dm REQUIRES protein_g 0.8 per_kg (plan: 39.62),0.8333,1.0,0.9091,"('max', 'protein_g', 39.6)",,0,True,0.0609,9,True,10.08,379.3,0,12
v2_084_T3,T3,kg_full,False,optimal,False,False,True,0,,1.0,1.0,1.0,,,0,True,0.0,9,True,6.32,649.8,0,11
v2_085_T3,T3,llmn_like,False,optimal,False,False,True,2,t2dm REQUIRES fiber_g 14 per_1000kcal (plan: 23.45) | ckd3 LIMITS protein_g 0.8 per_kg (plan: 142.91),1.0,0.0,0.0,,"('max', 'protein_g', 47.2) | ('max', 'sodium_mg', 2300.0) | ('min', 'protein_g', 35.4) | ('min', 'protein_g', 47.2) | ('per_1000kcal_min', 'fiber_g', 14.0)",0,True,0.0,9,True,8.75,31.6,0,5
v2_085_T3,T3,flat_table,False,infeasible_relaxed,False,True,False,1,t2dm REQUIRES protein_g 0.8 per_kg (plan: 35.39),0.8333,1.0,0.9091,"('max', 'protein_g', 35.4)",,0,True,0.1021,11,True,9.16,560.0,0,12
v2_085_T3,T3,kg_no_hierarchy,False,optimal,False,False,True,0,,1.0,1.0,1.0,,,0,True,0.0,10,True,7.4,841.0,0,11
v2_085_T3,T3,kg_no_context,False,infeasible_relaxed,False,True,False,1,t2dm REQUIRES protein_g 0.8 per_kg (plan: 35.39),0.8333,1.0,0.9091,"('max', 'protein_g', 35.4)",,0,True,0.1021,11,True,9.16,543.2,0,12
v2_085_T3,T3,kg_full,False,optimal,False,False,True,0,,1.0,1.0,1.0,,,0,True,0.0,10,True,7.4,779.9,0,11
v2_086_T3,T3,llmn_like,False,optimal,False,False,True,1,ckd3 LIMITS protein_g 0.8 per_kg (plan: 150),1.0,0.0,0.0,,"('max', 'protein_g', 58.4) | ('max', 'sodium_mg', 2300.0) | ('min', 'protein_g', 43.8) | ('min', 'protein_g', 58.4) | ('per_1000kcal_min', 'fiber_g', 14.0)",0,True,0.0,6,True,7.84,363.9,0,5
v2_086_T3,T3,flat_table,False,infeasible_relaxed,False,True,False,1,t2dm REQUIRES protein_g 0.8 per_kg (plan: 43.82),0.8333,1.0,0.9091,"('max', 'protein_g', 43.8)",,0,True,0.023,9,True,8.62,433.1,0,12
v2_086_T3,T3,kg_no_hierarchy,False,optimal,False,False,True,0,,1.0,1.0,1.0,,,0,True,0.0,7,True,5.58,673.1,0,11
v2_086_T3,T3,kg_no_context,False,infeasible_relaxed,False,True,False,1,t2dm REQUIRES protein_g 0.8 per_kg (plan: 43.82),0.8333,1.0,0.9091,"('max', 'protein_g', 43.8)",,0,True,0.023,9,True,8.62,365.3,0,12
v2_086_T3,T3,kg_full,False,optimal,False,False,True,0,,1.0,1.0,1.0,,,0,True,0.0,7,True,5.58,684.3,0,11
v2_087_T4,T4,llmn_like,True,optimal,False,False,False,1,ckd3 LIMITS protein_g 0.6 per_kg (plan: 126.16),1.0,0.0,0.0,,"('max', 'protein_g', 33.6) | ('max', 'sodium_mg', 2300.0)",0,True,0.0,6,True,4.92,6067.5,0,6
v2_087_T4,T4,flat_table,True,infeasible_relaxed,False,True,True,0,,0.5,1.0,0.6667,"('max', 'protein_g', 44.8) | ('min', 'protein_g', 33.6)",,0,True,0.0885,11,True,9.5,476.9,0,10
v2_087_T4,T4,kg_no_hierarchy,True,infeasible_relaxed,False,True,True,0,,1.0,1.0,1.0,,,0,True,0.0885,11,True,9.5,343.6,0,8
v2_087_T4,T4,kg_no_context,True,infeasible_relaxed,False,True,True,0,,0.5,1.0,0.6667,"('max', 'protein_g', 44.8) | ('min', 'protein_g', 33.6)",,0,True,0.0885,11,True,9.5,343.6,0,10
v2_087_T4,T4,kg_full,True,infeasible_relaxed,False,True,True,0,,1.0,1.0,1.0,,,0,True,0.0885,11,True,9.5,338.8,0,8
v2_088_T4,T4,llmn_like,True,optimal,False,False,False,1,ckd3 LIMITS protein_g 0.6 per_kg (plan: 118.3),1.0,0.0,0.0,,"('max', 'protein_g', 33.6) | ('max', 'sodium_mg', 2300.0)",0,True,0.0,5,True,5.97,1628.2,0,6
v2_088_T4,T4,flat_table,True,infeasible_relaxed,False,True,True,0,,0.5,1.0,0.6667,"('max', 'protein_g', 44.8) | ('min', 'protein_g', 33.6)",,0,True,0.1299,10,True,11.09,276.5,0,10
v2_088_T4,T4,kg_no_hierarchy,True,infeasible_relaxed,False,True,True,0,,1.0,1.0,1.0,,,0,True,0.1299,10,True,11.09,292.1,0,8
v2_088_T4,T4,kg_no_context,True,infeasible_relaxed,False,True,True,0,,0.5,1.0,0.6667,"('max', 'protein_g', 44.8) | ('min', 'protein_g', 33.6)",,0,True,0.1299,10,True,11.09,337.1,0,10
v2_088_T4,T4,kg_full,True,infeasible_relaxed,False,True,True,0,,1.0,1.0,1.0,,,0,True,0.1299,10,True,11.09,292.5,0,8
v2_089_T4,T4,llmn_like,True,optimal,False,False,False,2,hypertension LIMITS sodium_mg 1500 per_day (plan: 1999.88) | hypertension REQUIRES potassium_mg 3500 per_day (plan: 2645.26),1.0,0.0,0.0,,"('max', 'sodium_mg', 1500.0) | ('min', 'potassium_mg', 3500.0)",0,True,0.0,7,True,8.02,3586.9,0,6
v2_089_T4,T4,flat_table,True,infeasible_relaxed,False,True,True,0,,1.0,1.0,1.0,,,0,True,0.0,9,True,5.77,444.6,0,8
v2_089_T4,T4,kg_no_hierarchy,True,infeasible_relaxed,False,True,True,0,,1.0,1.0,1.0,,,0,True,0.0,9,True,5.77,513.4,0,8
v2_089_T4,T4,kg_no_context,True,infeasible_relaxed,False,True,True,0,,1.0,1.0,1.0,,,0,True,0.0,9,True,5.77,470.0,0,8
v2_089_T4,T4,kg_full,True,infeasible_relaxed,False,True,True,0,,1.0,1.0,1.0,,,0,True,0.0,9,True,5.77,455.5,0,8
v2_090_T4,T4,llmn_like,True,optimal,False,False,False,1,t2dm REQUIRES fiber_g 14 per_1000kcal (plan: 9.95),1.0,0.0,0.0,,"('max', 'sodium_mg', 2300.0) | ('per_1000kcal_min', 'fiber_g', 14.0)",0,True,0.123,9,True,10.02,385.5,0,6
v2_090_T4,T4,flat_table,True,infeasible_relaxed,False,True,True,0,,0.6667,1.0,0.8,"('min', 'protein_g', 68.8)",,0,True,0.0518,9,True,6.26,1022.6,0,9
v2_090_T4,T4,kg_no_hierarchy,True,infeasible_relaxed,False,True,True,0,,1.0,1.0,1.0,,,0,True,0.0434,8,True,7.93,456.0,0,8
v2_090_T4,T4,kg_no_context,True,infeasible_relaxed,False,True,True,0,,0.6667,1.0,0.8,"('min', 'protein_g', 68.8)",,0,True,0.0518,9,True,6.26,1010.5,0,9
v2_090_T4,T4,kg_full,True,infeasible_relaxed,False,True,True,0,,1.0,1.0,1.0,,,0,True,0.0434,8,True,7.93,531.7,0,8
v2_091_T4,T4,llmn_like,True,optimal,False,False,False,1,t2dm REQUIRES protein_g 0.8 per_kg (plan: 39.99),1.0,0.0,0.0,,"('max', 'protein_g', 52.0) | ('max', 'sodium_mg', 2300.0) | ('min', 'protein_g', 39.0) | ('min', 'protein_g', 52.0) | ('per_1000kcal_min', 'fiber_g', 14.0)",0,True,0.0297,12,False,11.02,10025.0,0,6
v2_091_T4,T4,flat_table,True,infeasible_relaxed,False,True,True,1,t2dm REQUIRES protein_g 0.8 per_kg (plan: 39.01),0.8333,1.0,0.9091,"('max', 'protein_g', 39.0)",,0,True,0.058,10,True,9.11,350.2,0,13
v2_091_T4,T4,kg_no_hierarchy,True,infeasible_relaxed,False,True,True,1,t2dm REQUIRES protein_g 0.8 per_kg (plan: 40.05),1.0,1.0,1.0,,,0,True,0.0493,11,True,11.05,322.4,0,12
v2_091_T4,T4,kg_no_context,True,infeasible_relaxed,False,True,True,1,t2dm REQUIRES protein_g 0.8 per_kg (plan: 39.01),0.8333,1.0,0.9091,"('max', 'protein_g', 39.0)",,0,True,0.058,10,True,9.11,330.5,0,13
v2_091_T4,T4,kg_full,True,infeasible_relaxed,False,True,True,1,t2dm REQUIRES protein_g 0.8 per_kg (plan: 40.05),1.0,1.0,1.0,,,0,True,0.0493,11,True,11.05,329.2,0,12
v2_092_T4,T4,llmn_like,True,infeasible_relaxed,False,True,True,1,hypertension LIMITS sodium_mg 1500 per_day (plan: 2305.88),1.0,0.0,0.0,,"('max', 'sodium_mg', 1500.0) | ('max', 'sodium_mg', 2300.0) | ('min', 'potassium_mg', 3500.0) | ('per_1000kcal_min', 'fiber_g', 14.0)",0,True,0.0,11,True,9.52,108.2,0,6
v2_092_T4,T4,flat_table,True,infeasible_relaxed,False,True,True,0,,0.8,1.0,0.8889,"('min', 'protein_g', 56.8)",,0,True,0.0,9,True,6.12,478.1,0,11
v2_092_T4,T4,kg_no_hierarchy,True,infeasible_relaxed,False,True,True,0,,1.0,1.0,1.0,,,0,True,0.0,11,True,9.2,557.4,0,10
v2_092_T4,T4,kg_no_context,True,infeasible_relaxed,False,True,True,0,,0.8,1.0,0.8889,"('min', 'protein_g', 56.8)",,0,True,0.0,9,True,6.12,400.0,0,11
v2_092_T4,T4,kg_full,True,infeasible_relaxed,False,True,True,0,,1.0,1.0,1.0,,,0,True,0.0,11,True,9.2,481.2,0,10
